physpreset,fruit_small
physpreset,tire
physpreset,weapon_clip_empty
xanim,saw_gunner_firing_mg
xanim,saw_gunner_idle
xanim,tom_axe_drop_long
xanim,tom_axe_fire
xanim,tom_axe_idle
xanim,tom_axe_pullout
xanim,tom_katana_drop
xanim,tom_katana_fire
xanim,tom_katana_idle
xanim,tom_katana_pullout
xanim,tom_shovel_drop
xanim,tom_shovel_fire
xanim,tom_shovel_idle
xanim,tom_shovel_pullout
xanim,viewmodel_b_knife_fire
xanim,viewmodel_b_knife_first_raise
xanim,viewmodel_b_knife_idle
xanim,viewmodel_b_knife_melee_stick
xanim,viewmodel_b_knife_melee_swipe
xanim,viewmodel_b_knife_pullout
xanim,viewmodel_b_knife_pullout_quick
xanim,viewmodel_b_knife_putaway
xanim,viewmodel_b_knife_putaway_quick
xanim,viewmodel_b_knife_reload
xanim,viewmodel_b_knife_sprint_in
xanim,viewmodel_b_knife_sprint_loop
xanim,viewmodel_b_knife_sprint_out
xanim,viewmodel_mw2_magnum_ads_down
xanim,viewmodel_mw2_magnum_ads_up
xanim,viewmodel_mw2_magnum_fire
xanim,viewmodel_mw2_magnum_idle
xanim,viewmodel_mw2_magnum_pullout
xanim,viewmodel_mw2_magnum_putaway
xanim,viewmodel_mw2_magnum_reload
xanim,viewmodel_mw2_magnum_sprint_in
xanim,viewmodel_mw2_magnum_sprint_loop
xanim,viewmodel_mw2_magnum_sprint_out
xanim,viewmodel_ray_gun_drop
xanim,viewmodel_ray_gun_fire
xanim,viewmodel_ray_gun_idle
xanim,viewmodel_ray_gun_quick_drop
xanim,viewmodel_ray_gun_quick_raise
xanim,viewmodel_ray_gun_raise
xmodel,4gf_laser_emitor
xmodel,bathroom_soap
xmodel,bc_hesco_barrier_sm
xmodel,body_mp_sas_urban_support
xmodel,escape_body_ada
xmodel,escape_body_max
xmodel,escape_body_raam
xmodel,escape_body_skulls
xmodel,kc_weapon_57
xmodel,kc_weapon_57_w
xmodel,kc_weapon_kimber
xmodel,kc_weapon_kimber_w
xmodel,kc_weapon_mk22
xmodel,kc_weapon_mk22_w
xmodel,kc_weapon_sa1911
xmodel,kc_weapon_sa1911_w
xmodel,kc_weapon_t850
xmodel,kc_weapon_t850_w
xmodel,playermodel_gta_iv_nico
xmodel,projectile_tag
xmodel,tom_axe_model
xmodel,tom_axe_model_world
xmodel,tom_katana_model
xmodel,tom_katana_model_world
xmodel,tom_shovel_model
xmodel,tom_shovel_model_world
xmodel,viewhands_black_kit
xmodel,viewmodel_ballistic_blade
xmodel,viewmodel_ballistic_knife_w_parabolic
xmodel,viewmodel_glock_mw2
xmodel,viewmodel_glock_mw2_silencer
xmodel,viewmodel_mw2_magnum
xmodel,weapon_ballistic_knife
xmodel,weapon_glock_mp
xmodel,weapon_glock_silencer
xmodel,weapon_saw_mg_setup
xmodel,worldmodel_mw2_magnum
material,animbg_fogscroll
material,animbg_fogscrollthin
material,button_highlight_end
material,compass_map_default
material,compassping_player
material,faction_128_arab
material,faction_128_sas
material,gfx/reticle/mg42_cross.tga
material,gfx_bloodburst06_atlas
material,gfx_dark_smoke_atlas_bg
material,gfx_dark_smoke_atlas_z1024
material,gfx_distortion_heat_far
material,gfx_exp_fireball_atlas
material,gfx_explosion_flash
material,gfx_explosion_flash_atlas
material,gfx_flare_wtr
material,gfx_glow_hs
material,gfx_glow_org
material,gfx_muzflash_m16
material,gfx_oilfire_atlas
material,gfx_smk_white_atlas
material,gfx_smk_white_atlas_add
material,gfx_smokepuff_atlas
material,gfx_spark_atlas
material,gfx_spotlight_beam
material,gfx_spotlight_lensflare_rainbow_z5
material,gfx_spotlight_lensflare_z80
material,gfx_ui_quarterring
material,gfx_ui_tickring
material,gradient_fadein
material,hud_clock
material,hud_five7
material,hud_glock
material,hud_healthbar_heart
material,hud_icon_m249saw_mounted
material,hud_kimber
material,hud_mk22
material,hud_mw2_magnum
material,hud_sa1991
material,hud_status_dev
material,hud_status_marshal
material,hud_status_marshal2
material,hud_status_marshal3
material,hud_status_sponzor
material,hud_status_vip2
material,hud_taurus
material,icon_body_e_ada
material,icon_body_e_nico
material,icon_body_e_sas_supp
material,icon_body_m_max
material,icon_body_m_raam
material,icon_body_m_skulls
material,icon_buy
material,icon_delete
material,icon_weapon_knife
material,line_horizontal
material,line_horizontal_scorebar
material,logo_cod2
material,logo_escape
material,map_border
material,mc/ada_belt
material,mc/ada_face
material,mc/ada_hair
material,mc/ada_mune
material,mc/ada_onep
material,mc/ada_reg
material,mc/ada_sob1
material,mc/ada_sob3
material,mc/ada_te
material,mc/ap_chrome
material,mc/body_max
material,mc/body_raam
material,mc/body_skulls_0
material,mc/com_black
material,mc/gfx_grass_piece1
material,mc/gfx_impact_blood_spatter01
material,mc/gfx_impact_blood_spatter02
material,mc/gfx_impact_blood_spatter03
material,mc/kc_weapon_57_1
material,mc/kc_weapon_57_2
material,mc/kc_weapon_kimber_1
material,mc/kc_weapon_kimber_2
material,mc/kc_weapon_mk22_1
material,mc/kc_weapon_mk22_2
material,mc/kc_weapon_mk22_3
material,mc/kc_weapon_mk22_4
material,mc/kc_weapon_mk22_5
material,mc/kc_weapon_sa1911
material,mc/kc_weapon_t850_1
material,mc/kc_weapon_t850_2
material,mc/kc_weapon_t850_3
material,mc/kc_weapon_t850_4
material,mc/kc_weapon_t850_5
material,mc/me_ground_sand1
material,mc/mtl_bathroom_props
material,mc/mtl_black_kit_hands
material,mc/mtl_black_kit_sleeves
material,mc/mtl_eye_highlight
material,mc/mtl_hesco_barrier
material,mc/mtl_mw2_magnum
material,mc/mtl_plr_gtaiv_nico_body
material,mc/mtl_plr_gtaiv_nico_hair
material,mc/mtl_plr_gtaiv_nico_hands
material,mc/mtl_plr_gtaiv_nico_head
material,mc/mtl_plr_gtaiv_nico_pants
material,mc/mtl_plr_gtaiv_nico_shoes
material,mc/mtl_plr_gtaiv_nico_teeth
material,mc/mtl_sas_ct_bodies_sp
material,mc/mtl_sas_ct_goggle_sp
material,mc/mtl_sas_ct_head_sp
material,mc/mtl_sas_ct_lod_sp
material,mc/mtl_static_seelow_shovel
material,mc/mtl_weapon_ballistic_knife
material,mc/mtl_weapon_parabolic_knife
material,mc/mtl_weapon_saw
material,mc/mtl_weapon_suppressor_b
material,mc/tom_axe_tex
material,mc/tom_katana_tex
material,mc/weapon_glock_new
material,minimap_background
material,minimap_tickertape_background
material,minimap_tickertape_mp
material,objective_line
material,overlay_low_health
material,rank100
material,rank56
material,rank57
material,rank58
material,rank59
material,rank61
material,rank62
material,rank73
material,rank80
material,rank81
material,rank82
material,rank83
material,rank84
material,rank85
material,rank86
material,rank87
material,rank88
material,rank89
material,rank90
material,rank91
material,rank92
material,rank93
material,rank94
material,rank95
material,rank96
material,rank97
material,rank98
material,rank99
material,rank_1stlt2
material,rank_1stlt3
material,rank_2ndlt2
material,rank_2ndlt3
material,rank_bgen2
material,rank_bgen3
material,rank_capt2
material,rank_capt3
material,rank_col2
material,rank_col3
material,rank_cpl2
material,rank_cpl3
material,rank_gen2
material,rank_gen3
material,rank_gysgt2
material,rank_gysgt3
material,rank_lcpl2
material,rank_lcpl3
material,rank_ltcol2
material,rank_ltcol3
material,rank_ltgen2
material,rank_ltgen3
material,rank_maj2
material,rank_maj3
material,rank_majgen2
material,rank_majgen3
material,rank_mgysgt2
material,rank_mgysgt3
material,rank_msgt2
material,rank_msgt3
material,rank_pfc2
material,rank_pfc3
material,rank_pvt2
material,rank_pvt3
material,rank_rec2
material,rank_rec3
material,rank_sgt2
material,rank_sgt3
material,rank_ssgt2
material,rank_ssgt3
material,ui_arrow_left
material,ui_arrow_right
material,wc/gfx_impact_blood_spatter01
material,wc/gfx_impact_blood_spatter02
material,wc/gfx_impact_blood_spatter03
material,weapon_c4
material,weapon_five7
material,weapon_glock
material,weapon_kimber
material,weapon_mk22
material,weapon_mw2_magnum
material,weapon_sa1911
material,weapon_taurus
material,white
techset,2d
techset,distortion_scale
techset,distortion_scale_zfeather
techset,effect
techset,effect_add
techset,effect_add_nofog
techset,effect_falloff_add_nofog
techset,effect_zfeather
techset,effect_zfeather_add
techset,effect_zfeather_add_nofog
techset,effect_zfeather_falloff_add_nofog
techset,mc_effect
techset,mc_l_hsm_b0c0
techset,mc_l_hsm_b0c0n0
techset,mc_l_hsm_b0c0n0s0
techset,mc_l_hsm_b0c0s0
techset,mc_l_hsm_r0c0
techset,mc_l_hsm_r0c0n0
techset,mc_l_hsm_r0c0n0s0
techset,mc_l_hsm_r0c0s0
techset,mc_l_sm_b0c0
techset,mc_l_sm_b0c0n0
techset,mc_l_sm_b0c0n0s0
techset,mc_l_sm_b0c0s0
techset,mc_l_sm_r0c0
techset,mc_l_sm_r0c0n0
techset,mc_l_sm_r0c0n0s0
techset,mc_l_sm_r0c0s0
techset,sm2/2d
techset,sm2/distortion_scale
techset,sm2/distortion_scale_zfeather
techset,sm2/effect
techset,sm2/effect_add
techset,sm2/effect_add_nofog
techset,sm2/effect_falloff_add_nofog
techset,sm2/effect_zfeather
techset,sm2/effect_zfeather_add
techset,sm2/effect_zfeather_add_nofog
techset,sm2/effect_zfeather_falloff_add_nofog
techset,sm2/mc_effect
techset,sm2/mc_l_hsm_b0c0
techset,sm2/mc_l_hsm_b0c0n0
techset,sm2/mc_l_hsm_b0c0n0s0
techset,sm2/mc_l_hsm_b0c0s0
techset,sm2/mc_l_hsm_r0c0
techset,sm2/mc_l_hsm_r0c0n0
techset,sm2/mc_l_hsm_r0c0n0s0
techset,sm2/mc_l_hsm_r0c0s0
techset,sm2/mc_l_sm_b0c0
techset,sm2/mc_l_sm_b0c0n0
techset,sm2/mc_l_sm_b0c0n0s0
techset,sm2/mc_l_sm_b0c0s0
techset,sm2/mc_l_sm_r0c0
techset,sm2/mc_l_sm_r0c0n0
techset,sm2/mc_l_sm_r0c0n0s0
techset,sm2/mc_l_sm_r0c0s0
techset,sm2/wc_l_hsm_b0c0
techset,sm2/wc_l_hsm_b0c0n0
techset,sm2/wc_l_hsm_b0c0n0s0
techset,sm2/wc_l_hsm_b0c0s0
techset,sm2/wc_l_sm_b0c0
techset,sm2/wc_l_sm_b0c0n0
techset,sm2/wc_l_sm_b0c0n0s0
techset,sm2/wc_l_sm_b0c0s0
techset,wc_l_hsm_b0c0
techset,wc_l_hsm_b0c0n0
techset,wc_l_hsm_b0c0n0s0
techset,wc_l_hsm_b0c0s0
techset,wc_l_sm_b0c0
techset,wc_l_sm_b0c0n0
techset,wc_l_sm_b0c0n0s0
techset,wc_l_sm_b0c0s0
image,$identitynormalmap
image,$white
image,57_body
image,57_body_nml
image,57_slide
image,57_slide_nml
image,ada_belt
image,ada_face
image,ada_hair
image,ada_mune
image,ada_onep
image,ada_reg
image,ada_sob1
image,ada_sob3
image,ada_te
image,ap_chrome_col
image,ballistic_knife_c
image,ballistic_knife_n
image,bathroom_chrome_clr
image,bathroom_chrome_nml
image,bg_fogscroll
image,bg_fogscrollthin
image,blood_spatter01_col
image,blood_spatter01_nml
image,blood_spatter02_col
image,blood_spatter02_nml
image,blood_spatter03_col
image,blood_spatter03_nml
image,bloodburstg_atlas
image,body_max
image,body_raam_0
image,body_skulls_0
image,button_highlight_end
image,com_black
image,compass_map_default
image,compassping_player
image,dark_smoke_atlas
image,distortion_heat
image,exp_fireball_atlas
image,explosion_flash
image,explosion_flash_atlas
image,eye_highlight_col
image,faction_128_arab_gold
image,faction_128_sas_black
image,flare_wtr
image,glow_hs
image,glow_org
image,gradient_fadein
image,grass_piece1
image,hesco_barrier_col
image,hesco_barrier_nml
image,hud_clock
image,hud_five7
image,hud_glock
image,hud_healthbar_heart
image,hud_kimber
image,hud_m249saw_mounted
image,hud_mk22
image,hud_mw2_magnum
image,hud_sa1991
image,hud_status_dev
image,hud_status_marshal
image,hud_status_marshal2
image,hud_status_marshal3
image,hud_status_sponzor
image,hud_status_vip2
image,hud_taurus
image,icon_body_e_ada
image,icon_body_e_nico
image,icon_body_e_sas_supp
image,icon_body_m_max
image,icon_body_m_raam
image,icon_body_m_skulls
image,icon_buy
image,icon_delete
image,icon_weapon_knife
image,katana
image,kimber_body
image,kimber_body_nml
image,kimber_slide
image,kimber_slide_nml
image,line_horizontal
image,line_horizontal_scorebar
image,logo_cod2
image,logo_escape
image,m16_flares
image,mapborder
image,me_ground_sand1_color
image,me_ground_sand1_normal
image,mg42_cross
image,minimap_background
image,minimap_tickertape_256x16
image,minimap_tickertape_background
image,mk22_frame
image,mk22_frame_nml
image,mk22_grip
image,mk22_grip_nml
image,mk22_mag
image,mk22_mag_nml
image,mk22_sights
image,mk22_sights_nml
image,mk22_slide
image,mk22_slide_nml
image,objective_line
image,oilfire_atlas
image,overlay_low_health
image,plr_gtaiv_nico_body_col
image,plr_gtaiv_nico_body_nml
image,plr_gtaiv_nico_hair_col
image,plr_gtaiv_nico_hair_nml
image,plr_gtaiv_nico_hands_col
image,plr_gtaiv_nico_hands_nml
image,plr_gtaiv_nico_head_col
image,plr_gtaiv_nico_head_nml
image,plr_gtaiv_nico_pants_col
image,plr_gtaiv_nico_pants_nml
image,plr_gtaiv_nico_shoes_col
image,plr_gtaiv_nico_shoes_nml
image,plr_gtaiv_nico_teeth_col
image,plr_gtaiv_nico_teeth_nml
image,rank100
image,rank56
image,rank57
image,rank58
image,rank59
image,rank61
image,rank62
image,rank73
image,rank80
image,rank81
image,rank82
image,rank83
image,rank84
image,rank85
image,rank86
image,rank87
image,rank88
image,rank89
image,rank90
image,rank91
image,rank92
image,rank93
image,rank94
image,rank95
image,rank96
image,rank97
image,rank98
image,rank99
image,rank_1stlt2
image,rank_1stlt3
image,rank_2ndlt2
image,rank_2ndlt3
image,rank_bgen2
image,rank_bgen3
image,rank_capt2
image,rank_capt3
image,rank_col2
image,rank_col3
image,rank_cpl2
image,rank_cpl3
image,rank_gen2
image,rank_gen3
image,rank_gysgt2
image,rank_gysgt3
image,rank_lcpl2
image,rank_lcpl3
image,rank_ltcol2
image,rank_ltcol3
image,rank_ltgen2
image,rank_ltgen3
image,rank_maj2
image,rank_maj3
image,rank_majgen2
image,rank_majgen3
image,rank_mgysgt2
image,rank_mgysgt3
image,rank_msgt2
image,rank_msgt3
image,rank_pfc2
image,rank_pfc3
image,rank_pvt2
image,rank_pvt3
image,rank_rec2
image,rank_rec3
image,rank_sgt2
image,rank_sgt3
image,rank_ssgt2
image,rank_ssgt3
image,sa1911uv
image,sa1911uv_nml
image,sas_ct_bodies_sp_col
image,sas_ct_bodies_sp_lod_col
image,sas_ct_bodies_sp_lod_nml
image,sas_ct_bodies_sp_nml
image,sas_ct_goggles_sp_col
image,sas_ct_goggles_sp_nml
image,sas_ct_head_sp_col
image,sas_ct_head_sp_nml
image,smk_white_atlas
image,smokpuff_atlased
image,spark_atlas
image,spotlight_beam
image,spotlight_lensflare
image,static_seelow_farmtools_c
image,static_seelow_farmtools_n
image,sun_flare_rainbow
image,t850_bullets
image,t850_bullets_n
image,t850_cylinder
image,t850_cylinder_n
image,t850_frame
image,t850_frame_n
image,t850_front
image,t850_front_n
image,t850_grip
image,t850_grip_n
image,tom_axe_col
image,tom_axe_n
image,ui_arrow_left
image,ui_arrow_right
image,ui_quarterring
image,ui_tickring
image,viewhand_black_kit_col
image,viewhand_black_kit_nml
image,weapon_c4
image,weapon_five7
image,weapon_glock
image,weapon_glock_new_col
image,weapon_glock_new_nml
image,weapon_kimber
image,weapon_mk22
image,weapon_mw2_magnum
image,weapon_mw2_magnum_col
image,weapon_mw2_magnum_nml
image,weapon_parbolic_knife_col
image,weapon_sa1911
image,weapon_saw_col
image,weapon_suppressor_b_col
image,weapon_taurus
image,~57_body_spec-rgb&57_body_cos-l-11
image,~57_slide_spec-rgb&57_slide_cos-l-11
image,~_static_seelow_farmtools_s-r~7b71b7f5
image,~_tom_axe_s-rgb&$white-l-11-r~a371169a
image,~ap_chrome_spc-rgb&ap_chrome_cos-l-11
image,~ballistic_knife_corr-rgb&$white-l-11
image,~bathroom_chrome_spc-rgb&bath~03806b1d
image,~blood_spatter01_spc-rgb&bloo~9cfdaf8d
image,~blood_spatter02_spc-r30g30b3~9162437f
image,~blood_spatter03_spc-r30g30b3~f766d9bd
image,~com_black_spc-r-25g-25b-25&c~3e8e4fa0
image,~eye_highlight_spc-rgb&eye_hi~92c2d33b
image,~hesco_barrier_spc-r-87g-87b-~a35dbf00
image,~kimber_body_spc-rgb&kimber_b~0cbdf97e
image,~kimber_slide_spec-rgb&kimber~af5a4e77
image,~me_ground_sand1_spec-rgbl-11
image,~mk22_frame_spec-rgb&mk22_fra~04602ddd
image,~mk22_grip_spec-rgb&mk22_grip_cos-l-11
image,~mk22_mag_spec-rgb&mk22_mag_cos-l-11
image,~mk22_sights_spec-rgb&mk22_si~fadfd564
image,~mk22_slide_spec-rgb&mk22_sli~946a7142
image,~sa1911uv_spc-rgb&sa1911uv_cos-l-11
image,~sas_ct_bodies_sp_lod_spec-rg~b69e72fd
image,~sas_ct_bodies_sp_spec-rgb&sa~765bd06c
image,~sas_ct_goggles_sp_spec-rgb&s~bb634332
image,~sas_ct_head_sp_spec-rgb&sas_~667e234a
image,~t850_bullets_spec-rgb&t850_b~a71759e0
image,~t850_cylinder_spec-rgb&t850_~baa9d7e2
image,~t850_frame_spec-rgb&t850_fra~04602ddd
image,~t850_front_spec-rgb&t850_fro~70d15d46
image,~t850_grip_spec-rgb&t850_grip_cos-l-11
image,~viewhand_black_kit_spc-r30g3~a3c1436a
image,~viewhand_black_kit_spc-r30g3~d35b529d
image,~weapon_glock_new_spc-rgb&$white-l-11
image,~weapon_mw2_magnum_spc-rgb&we~a0c5df30
image,~weapon_parbolic_knife_spc-rg~20e5f788
image,~weapon_saw_spc-r65g65b65&wea~fbd00e22
image,~weapon_suppressor_b_spc-r-59~afa8576d
sndcurve,weapon2
sndcurve,weapon4
loaded_sound,weapons/axe/axe_fly.wav
loaded_sound,weapons/glock/weap_glock.wav
loaded_sound,weapons/shove/shove_fly.wav
loaded_sound,weps/ballistic_knife/weap_bknife_fire.wav
loaded_sound,weps/ballistic_knife/weap_bknife_reload.wav
loaded_sound,weps/magnum_mw2/weap_mw2_magnum_chamber.wav
loaded_sound,weps/magnum_mw2/weap_mw2_magnum_clip_in.wav
loaded_sound,weps/magnum_mw2/weap_mw2_magnum_clip_out.wav
loaded_sound,weps/magnum_mw2/weap_mw2_magnum_fire.wav
menufile,ui_mp/connect.menu
menufile,ui_mp/controls_multi.menu
menufile,ui_mp/hud.menu
menufile,ui_mp/main.menu
menufile,ui_mp/scriptmenus/acp.menu
menufile,ui_mp/scriptmenus/class_marines.menu
menufile,ui_mp/scriptmenus/class_opfor.menu
menufile,ui_mp/scriptmenus/clientcmd.menu
menufile,ui_mp/scriptmenus/scoreboard.menu
menufile,ui_mp/scriptmenus/shop.menu
menufile,ui_mp/scriptmenus/team_marinesopfor.menu
menufile,ui_mp/scriptmenus/voting.menu
menu,acp
menu,amitalking
menu,boldgamemessages
menu,centerobituary
menu,class_marines
menu,class_opfor
menu,clientcmd
menu,compass_old
menu,connect
menu,controls_multi
menu,cursorhints
menu,dpad
menu,fullscreenmap
menu,gamemessages
menu,holdbreathhint
menu,invalidcmdhint
menu,join_game_popup
menu,killcam
menu,low health
menu,main
menu,main_text
menu,mantlehint
menu,popup_classteam
menu,popup_quit
menu,safeareaa
menu,scorebar
menu,scorebars
menu,scoreboard
menu,shop
menu,single_popmenu
menu,stance
menu,subtitles
menu,talkers
menu,team_marinesopfor
menu,voting
menu,weaponinfo
menu,xpbar
weapon,mp/saw_bipod_prone_mp
fx,dev/laser
fx,explosions/aa_explosion
fx,explosions/nuke
fx,explosions/nuke_base_child
fx,explosions/nuke_cap_up_child
fx,impacts/blood_large
fx,impacts/blood_small
fx,impacts/flesh_hit_splat
fx,impacts/flesh_hit_splat_large
fx,misc/flashlight
fx,misc/m_resp
fx,misc/m_resp_big
fx,misc/vlna
fx,muzzleflashes/saw_flash_view
fx,muzzleflashes/saw_flash_wv
fx,muzzleflashes/saw_flash_wv_a
fx,muzzleflashes/saw_flash_wv_b
fx,muzzleflashes/saw_flash_wv_c
fx,muzzleflashes/saw_flshview_a
fx,muzzleflashes/saw_flshview_b
fx,muzzleflashes/saw_flshview_c
fx,muzzleflashes/saw_flshview_d
fx,visual/endround_player
rawfile,animtrees/multiplayer.atr
rawfile,ccfgs/connect.cfg
rawfile,ccfgs/loop.cfg
rawfile,ccfgs/mainabout.cfg
rawfile,ccfgs/maininfo.cfg
rawfile,maps/mp/gametypes/_gametypes.txt
rawfile,maps/mp/gametypes/escape.txt
rawfile,maps/mp/gametypes/location.txt
rawfile,maps/mp/gametypes/survival.txt
rawfile,mp/playeranim.script
rawfile,mp/playeranimtypes.txt
rawfile,rumble/defaultweapon_fire
rawfile,shock/flashbang.shock
rawfile,shock/radiation_zeroy.shock
