physpreset,ap_luggage03
physpreset,ap_luggage04
physpreset,barrel_metal
physpreset,cardboardbox_empty
physpreset,cardboardbox_full
physpreset,com_cellphone_on
physpreset,corrugated_metal
physpreset,corrugated_metal_lg
physpreset,crate_plastic
physpreset,fruit_large
physpreset,fruit_large_chunk
physpreset,fruit_small
physpreset,hub_cap
physpreset,laptop
physpreset,picture_frame
physpreset,pipe_pieces
physpreset,teddy_bear
physpreset,tire
physpreset,tire_heavy
physpreset,tv_24inch
physpreset,wood_crate
xmodel,aftermath_industrialframe_part2
xmodel,ap_luggage03
xmodel,ap_luggage04
xmodel,bathroom_medicine_cabinet
xmodel,bathroom_plunger
xmodel,bathroom_shampoo1
xmodel,bathroom_shampoo2
xmodel,bathroom_shower
xmodel,bathroom_shower_rod
xmodel,bathroom_sink
xmodel,bathroom_soap
xmodel,bathroom_toilet
xmodel,bathroom_toilet_lid
xmodel,bathroom_towel
xmodel,bc_cot
xmodel,bc_military_tire04_big
xmodel,bc_militarytent_wood_table
xmodel,body_complete_sp_arab_regular_al_asad_dmg
xmodel,bog_b_cinderblock_clutter
xmodel,ch_bedframemetal_gray
xmodel,ch_bunker_wires_01
xmodel,ch_bunker_wires_02
xmodel,ch_curtain01
xmodel,ch_furniture_couch01
xmodel,ch_furniture_couch02
xmodel,ch_furniture_teachers_chair1
xmodel,ch_furniture_teachers_desk1
xmodel,ch_gas_pump
xmodel,ch_haycart
xmodel,ch_hayroll_03
xmodel,ch_industrial_light_01_on
xmodel,ch_lawnmower
xmodel,ch_mailboxes
xmodel,ch_mattress_2
xmodel,ch_mattress_3
xmodel,ch_mattress_boxspring
xmodel,ch_piano_light
xmodel,ch_pillow_1
xmodel,ch_pillow_2
xmodel,ch_radiator01
xmodel,ch_rubble_broken_pool_tile
xmodel,ch_washer_01
xmodel,ch_wood_stove
xmodel,com_armoire
xmodel,com_barrel_blue
xmodel,com_barrel_piece
xmodel,com_barrel_shard1
xmodel,com_barrel_shard3
xmodel,com_barrel_shard4
xmodel,com_barrel_shard5
xmodel,com_bedroll
xmodel,com_bike
xmodel,com_books1
xmodel,com_books3
xmodel,com_bookshelves1
xmodel,com_bookshelvestall
xmodel,com_bookshelveswide
xmodel,com_bottle1
xmodel,com_bottle2
xmodel,com_bottle3
xmodel,com_cafe_chair2
xmodel,com_cafe_light_part2
xmodel,com_cafe_table1
xmodel,com_cafe_table2
xmodel,com_cardboardbox01
xmodel,com_cardboardbox02
xmodel,com_cardboardbox03
xmodel,com_cardboardbox04
xmodel,com_cardboardbox05
xmodel,com_cardboardbox06
xmodel,com_cardboardboxshortclosed_1
xmodel,com_cardboardboxshortclosed_2
xmodel,com_cardboardboxshortopen_2
xmodel,com_cardboardboxshortopen_3
xmodel,com_cellphone_on
xmodel,com_chess
xmodel,com_churchpew
xmodel,com_computer_case
xmodel,com_computer_keyboard
xmodel,com_computer_mouse
xmodel,com_copypaper_package3
xmodel,com_debris_paper
xmodel,com_door_01_handleleft
xmodel,com_door_01_handleright_brown
xmodel,com_doorknob1
xmodel,com_dresser
xmodel,com_faucet01
xmodel,com_filecabinetblackopen
xmodel,com_flower_pot01
xmodel,com_flower_pot02
xmodel,com_flower_pot03
xmodel,com_french_bath_faucet
xmodel,com_french_bath_showerhead
xmodel,com_french_bathtub_porcelain
xmodel,com_french_sink2
xmodel,com_french_toiletbowl
xmodel,com_french_toiletseatcover
xmodel,com_french_toilettank
xmodel,com_furniture_sidetable1
xmodel,com_gas_pipes01
xmodel,com_grandfatherclocktall
xmodel,com_hub_cap_1
xmodel,com_hub_cap_2
xmodel,com_hub_cap_3
xmodel,com_hub_cap_4
xmodel,com_industrialtrashbin
xmodel,com_junktire
xmodel,com_ladder_wood
xmodel,com_lamp_desk_interior
xmodel,com_lamp_ornate_off
xmodel,com_laptop_open
xmodel,com_lightbox_on
xmodel,com_metal_briefcase
xmodel,com_milk_carton
xmodel,com_northafrica_armoire_short
xmodel,com_northafrica_armoire_tall
xmodel,com_northafrica_coffeetable
xmodel,com_northafrica_longtable
xmodel,com_office_book_beige_paper_folder
xmodel,com_office_book_black_open
xmodel,com_office_book_black_standing
xmodel,com_office_book_blue_paper_folder
xmodel,com_office_book_blue_standing
xmodel,com_office_book_pink_paper_folder
xmodel,com_office_book_red_flat
xmodel,com_office_book_red_standing
xmodel,com_office_book_set1
xmodel,com_office_book_shelf
xmodel,com_ovaldiningtable
xmodel,com_pail_metal2
xmodel,com_paintcan
xmodel,com_pallet_2
xmodel,com_pallet_stack
xmodel,com_pan_copper
xmodel,com_pan_metal
xmodel,com_pot_metal
xmodel,com_potted_plant01
xmodel,com_potted_plant02
xmodel,com_potted_plant03
xmodel,com_powerpole1
xmodel,com_prop_rail_wheeltrack
xmodel,com_prop_rail_woodboxcar_open
xmodel,com_railpipe_med_01
xmodel,com_railpipe_med_04_d
xmodel,com_red_toolbox
xmodel,com_restaurantceilinglamp_on
xmodel,com_restaurantchair_1
xmodel,com_restaurantsink_1comp
xmodel,com_restaurantsink_2comps
xmodel,com_restaurantstainlessteelshelf_01
xmodel,com_restaurantstainlessteelshelf_02
xmodel,com_restaurantstovewithburner
xmodel,com_roofvent1
xmodel,com_rowboat
xmodel,com_soup_can
xmodel,com_speaker
xmodel,com_stove
xmodel,com_telephone_wall
xmodel,com_tin_oval_flat
xmodel,com_tin_rectangular_flat02
xmodel,com_tin_square_tall01
xmodel,com_tin_square_tall02
xmodel,com_tower_crane
xmodel,com_tractor
xmodel,com_trashbag2_black
xmodel,com_trashcan
xmodel,com_tv1_cinematic
xmodel,com_utility_light_on
xmodel,com_vcr
xmodel,com_vcr_tape_blue
xmodel,com_vcr_tape_brown
xmodel,com_vcr_tape_grey
xmodel,com_wagon_donkey
xmodel,com_wall_clock
xmodel,com_walltable1
xmodel,com_walltable2
xmodel,com_water_heater
xmodel,com_water_tower
xmodel,com_wheelbarrow
xmodel,com_widescreen_monitor_on_1
xmodel,com_widescreen_monitor_on_3
xmodel,com_wine_crate
xmodel,com_woodlog_24_192_c
xmodel,cs_coffeemug01
xmodel,cs_handrail_64_double
xmodel,cs_ladder_straight
xmodel,foliage_bush_big
xmodel,foliage_bush_big_mp
xmodel,foliage_dead_pine_lg
xmodel,foliage_dead_pine_xl
xmodel,foliage_grass_triangularclumpshort
xmodel,foliage_grass_tuft_shortwide
xmodel,foliage_hedge_wall_3
xmodel,foliage_hedge_wall_endcap
xmodel,foliage_ivy_bottom01
xmodel,foliage_ivy_corner02
xmodel,foliage_ivy_tree
xmodel,foliage_litegrass_triclump
xmodel,foliage_red_pine_med
xmodel,foliage_red_pine_sm
xmodel,foliage_red_pine_stump_sm
xmodel,foliage_red_pine_stump_xl
xmodel,foliage_tree_destroyed_tree_b
xmodel,foliage_tree_grey_oak_med_a
xmodel,foliage_tree_grey_oak_xl_a
xmodel,foliage_tree_pine_xl_b
xmodel,foliage_tree_river_birch_lg_a
xmodel,foliage_tree_river_birch_lg_b
xmodel,foliage_tree_river_birch_xl_a
xmodel,fx_watermelonchunk_01
xmodel,fx_watermelonchunk_02
xmodel,fx_watermelonchunk_03
xmodel,fx_watermelonchunk_04
xmodel,fx_watermelonchunk_05
xmodel,fx_watermelonchunk_06
xmodel,me_antenna
xmodel,me_banana_box1
xmodel,me_banana_box2
xmodel,me_basket_rattan03
xmodel,me_basket_rattan06
xmodel,me_box_citrusfruitopen_1
xmodel,me_box_citrusfruitopen_2
xmodel,me_box_citrusfruitopenshort_1
xmodel,me_cargocontainerleftface
xmodel,me_cargocontainerrightface
xmodel,me_cargocontainersingleface
xmodel,me_citrus_box1
xmodel,me_construction_dumpster_close
xmodel,me_corrugated_metal2x8
xmodel,me_corrugated_metal4x8
xmodel,me_corrugated_metal8x8
xmodel,me_dumpster
xmodel,me_fruit_mango_green
xmodel,me_fruit_mango_redorange
xmodel,me_fruit_orange
xmodel,me_fruit_watermelon_oblong
xmodel,me_fruit_watermelon_round
xmodel,me_gas_pump
xmodel,me_lightfluohang_on
xmodel,me_market_umbrella_3
xmodel,me_market_umbrella_6
xmodel,me_market_umbrella_base
xmodel,me_picture1
xmodel,me_picture10
xmodel,me_picture11
xmodel,me_picture12
xmodel,me_picture13
xmodel,me_picture14
xmodel,me_picture15
xmodel,me_picture16
xmodel,me_picture17
xmodel,me_picture18
xmodel,me_picture19
xmodel,me_picture20
xmodel,me_picture21
xmodel,me_picture22
xmodel,me_picture23
xmodel,me_picture24
xmodel,me_picture3
xmodel,me_picture4
xmodel,me_picture6
xmodel,me_picture7
xmodel,me_picture8
xmodel,me_plastic_crate1
xmodel,me_plastic_crate2
xmodel,me_plastic_crate8
xmodel,me_refrigerator
xmodel,me_refrigerator2
xmodel,me_satellitedish
xmodel,me_slide
xmodel,me_streetlightdual_on
xmodel,me_tomato_crate1
xmodel,me_wood_cage_large
xmodel,me_wood_cage_small
xmodel,me_woodcrateclosed
xmodel,me_woodcrateopen
xmodel,mil_bunker_bed2
xmodel,vehicle_80s_sedan1_reddest
xmodel,vehicle_80s_wagon1_tan
xmodel,vehicle_80s_wagon1_yel
xmodel,vehicle_bm21_mobile_bed_dstry
xmodel,vehicle_bm21_mobile_cover_under_static
xmodel,vehicle_bm21_mobile_dstry_static
xmodel,vehicle_bradley_static
xmodel,vehicle_bulldozer
xmodel,vehicle_bus2
xmodel,vehicle_luxurysedan_static
xmodel,vehicle_pickup_bed_static
xmodel,vehicle_pickup_technical_destroyed
xmodel,vehicle_semi_truck
xmodel,vehicle_semi_truck_cargo
xmodel,vehicle_semi_truck_trailer
xmodel,vehicle_small_hatchback_blue_static
xmodel,vehicle_small_hatchback_d_blue_static
xmodel,vehicle_small_wagon_d_green_static
xmodel,vehicle_small_wagon_d_white_static
xmodel,vehicle_tanker_truck_civ
xmodel,vehicle_tanker_truck_d
xmodel,vehicle_tractor_2
xmodel,vehicle_tractor_plow
xmodel,vehicle_uaz_light_destructible
xmodel,vehicle_uaz_van
xmodel,vehicle_zpu4_burn_static
xmodel,wetwork_iron_gate
material,mc/ch_tile_floor05b
material,mc/cinematic_3d
material,mc/gfx_floodlight_beam_godray75
material,mc/gfx_floodlight_beam_godray85
material,mc/gfx_spotlight_lensflare_godray80
material,mc/me_cinderblock_wall2
material,mc/me_i_beam
material,mc/me_metal_grey_01
material,mc/me_metal_rust_02
material,mc/mtl_80s_econ_glass
material,mc/mtl_80s_econ_tan
material,mc/mtl_80s_econ_yel
material,mc/mtl_80s_econdestroy_red
material,mc/mtl_80s_edestroy_glass
material,mc/mtl_al_asad_head_dmg
material,mc/mtl_antenna
material,mc/mtl_arab_regular_helmet_hands_sp
material,mc/mtl_arab_regular_lod_sp
material,mc/mtl_armoire
material,mc/mtl_banana_box
material,mc/mtl_barrel_blue
material,mc/mtl_barrel_d
material,mc/mtl_barrel_damaged
material,mc/mtl_basket_rattan
material,mc/mtl_bathroom_chrome
material,mc/mtl_bathroom_porcelain
material,mc/mtl_bathroom_props
material,mc/mtl_bed_bunker
material,mc/mtl_bed_bunker2
material,mc/mtl_bed_mattress
material,mc/mtl_bedframemetal
material,mc/mtl_bike
material,mc/mtl_bm_21_bed_cver_destry
material,mc/mtl_bm_21_glass
material,mc/mtl_bm_21_rckt_lnchr_dstry
material,mc/mtl_bm_21_truck_base
material,mc/mtl_bm_21_truck_base_dstry
material,mc/mtl_bm_21_truck_bed
material,mc/mtl_bm_21_truck_cover
material,mc/mtl_bm_21_truck_tires
material,mc/mtl_bodies_arab_regular
material,mc/mtl_books
material,mc/mtl_brush_toujanebigbushy
material,mc/mtl_bulldozer
material,mc/mtl_bulldozer_tread
material,mc/mtl_bunker_wires
material,mc/mtl_bus_bottom
material,mc/mtl_bus_c
material,mc/mtl_bus_window_c
material,mc/mtl_caen_churchpew
material,mc/mtl_cafe_chair2
material,mc/mtl_cafe_chair2_metal
material,mc/mtl_cafe_light_off
material,mc/mtl_cafe_table1
material,mc/mtl_cafe_table1_base
material,mc/mtl_cafe_table2
material,mc/mtl_cafe_table2_base
material,mc/mtl_cardboardbox
material,mc/mtl_cardboardbox_decal
material,mc/mtl_cargocontainerdoorhinge
material,mc/mtl_cargocontainerlockingbar
material,mc/mtl_cellphone
material,mc/mtl_ch_couch01
material,mc/mtl_ch_gas_pump
material,mc/mtl_ch_gas_pump_glass
material,mc/mtl_ch_washer_01
material,mc/mtl_chechnya_trunk
material,mc/mtl_citrus_box
material,mc/mtl_coffeemug
material,mc/mtl_com_chess
material,mc/mtl_com_door_01_handleright
material,mc/mtl_com_door_01_handleright_brown
material,mc/mtl_com_stove
material,mc/mtl_com_tower_crane
material,mc/mtl_com_water_heater
material,mc/mtl_com_wood_log
material,mc/mtl_computer2
material,mc/mtl_computer_case
material,mc/mtl_construction_dumpster
material,mc/mtl_copperpan_metalpots
material,mc/mtl_copypaper_box
material,mc/mtl_corrugated_metal
material,mc/mtl_cot
material,mc/mtl_curtain
material,mc/mtl_dakwine_crate
material,mc/mtl_dead_pine
material,mc/mtl_dead_pine_canopy
material,mc/mtl_desktop_wallpaper
material,mc/mtl_destroyed_trees
material,mc/mtl_destroyed_trees_canopy
material,mc/mtl_detail_lampdesk_lampdeskoff
material,mc/mtl_detail_lampdesk_shadewire
material,mc/mtl_doorknob
material,mc/mtl_duhoc_furniture
material,mc/mtl_dumpster
material,mc/mtl_dumpster_lid
material,mc/mtl_enemy_bedroll
material,mc/mtl_filecabinetblack
material,mc/mtl_flower_pot_dirt
material,mc/mtl_flower_pot_large
material,mc/mtl_flower_pot_medium
material,mc/mtl_flower_pot_small
material,mc/mtl_french_sink
material,mc/mtl_frenchbathshowerhead
material,mc/mtl_frenchbathtub
material,mc/mtl_frenchtoilet
material,mc/mtl_frenchtoilettank
material,mc/mtl_furniture_desk_and_chairs
material,mc/mtl_furniture_piano01
material,mc/mtl_furniturewooddull
material,mc/mtl_gas_pipes
material,mc/mtl_grey_oak
material,mc/mtl_grey_oak_canopy
material,mc/mtl_hand_rail
material,mc/mtl_haybale2
material,mc/mtl_haycart
material,mc/mtl_hedgewall_all
material,mc/mtl_hedgewall_lodrenders
material,mc/mtl_hub_caps
material,mc/mtl_industrial_light_01
material,mc/mtl_industrial_light_bulb_01
material,mc/mtl_industrialtrashbin
material,mc/mtl_ivy
material,mc/mtl_ivy_tree
material,mc/mtl_ladder_rung
material,mc/mtl_ladder_wood
material,mc/mtl_lamp_ornate_off
material,mc/mtl_laptop_envu_black
material,mc/mtl_laptop_envu_screen
material,mc/mtl_lawn_mower
material,mc/mtl_lightbox_on
material,mc/mtl_lightfluo
material,mc/mtl_lightfluohang_on
material,mc/mtl_lightgrass
material,mc/mtl_luggage01
material,mc/mtl_mailbox
material,mc/mtl_mango_green
material,mc/mtl_mango_redorange
material,mc/mtl_marketumbrella03
material,mc/mtl_marketumbrella06
material,mc/mtl_me_merrygoround
material,mc/mtl_me_paintings
material,mc/mtl_me_paintings2
material,mc/mtl_me_paintings3
material,mc/mtl_me_pictureframes
material,mc/mtl_me_slide
material,mc/mtl_metal_briefcase
material,mc/mtl_metal_pail
material,mc/mtl_military_tires02
material,mc/mtl_milk_carton
material,mc/mtl_newgrassgreen
material,mc/mtl_newgrasstufts
material,mc/mtl_northafrica_armoire
material,mc/mtl_northafrica_chairs
material,mc/mtl_northafrica_tables
material,mc/mtl_office_books
material,mc/mtl_office_shelf
material,mc/mtl_oil_pump
material,mc/mtl_orange
material,mc/mtl_outhouse
material,mc/mtl_paint_can
material,mc/mtl_pallet
material,mc/mtl_pillows
material,mc/mtl_pine
material,mc/mtl_pine_canopy
material,mc/mtl_pipe_plate_sw
material,mc/mtl_pipe_trim_sw
material,mc/mtl_plastic_crates
material,mc/mtl_plasticbottles
material,mc/mtl_plasticcrate_brown
material,mc/mtl_potted_plant01
material,mc/mtl_potted_plant02
material,mc/mtl_potted_plant03
material,mc/mtl_prop_faucet01
material,mc/mtl_radiator
material,mc/mtl_red_pine
material,mc/mtl_red_pine_canopy
material,mc/mtl_red_toolbox
material,mc/mtl_refrigerator
material,mc/mtl_refrigerator2
material,mc/mtl_restaurant_chair
material,mc/mtl_restaurant_sink
material,mc/mtl_restaurantceilinglamp_off
material,mc/mtl_restaurantceilinglamp_on
material,mc/mtl_restaurantstainlessteelshelf
material,mc/mtl_restaurantstove
material,mc/mtl_river_birch
material,mc/mtl_river_birch_canopy
material,mc/mtl_roofvent
material,mc/mtl_rowboat_and_paddles
material,mc/mtl_satellitedish
material,mc/mtl_shower
material,mc/mtl_shower_chrome
material,mc/mtl_shower_glass
material,mc/mtl_shower_glass_underlay
material,mc/mtl_small_hatchback_wagon_blue
material,mc/mtl_small_hatchback_wagon_d_blue
material,mc/mtl_small_hatchback_wagon_d_green
material,mc/mtl_small_hatchback_wagon_d_white
material,mc/mtl_small_hatchback_wagon_rubber
material,mc/mtl_small_hatchback_wagon_rubber_d
material,mc/mtl_small_hatchback_wagon_windows
material,mc/mtl_small_hatchback_wagon_windows_d
material,mc/mtl_soup_can
material,mc/mtl_speaker
material,mc/mtl_stalingradpowerpole
material,mc/mtl_streetlight
material,mc/mtl_streetlight_on
material,mc/mtl_tanker_rubber_civ
material,mc/mtl_tanker_rubber_civ_d
material,mc/mtl_tanker_rubber_d
material,mc/mtl_tanker_truck
material,mc/mtl_tanker_truck_alpha
material,mc/mtl_tanker_truck_alpha_d
material,mc/mtl_tanker_truck_chrome
material,mc/mtl_tanker_truck_chrome_d
material,mc/mtl_tanker_truck_civ
material,mc/mtl_tanker_truck_civ_chrome
material,mc/mtl_tanker_truck_d
material,mc/mtl_tanker_truck_glass
material,mc/mtl_tanker_truck_glass_d
material,mc/mtl_telephone_wall
material,mc/mtl_television1
material,mc/mtl_tin_boxes
material,mc/mtl_tire
material,mc/mtl_tomato
material,mc/mtl_towel
material,mc/mtl_tractor
material,mc/mtl_traincar01
material,mc/mtl_traincar01_metal
material,mc/mtl_trainwheel01_col
material,mc/mtl_trash_can
material,mc/mtl_trashbag_black
material,mc/mtl_tree_shadow_caster
material,mc/mtl_truck_cab
material,mc/mtl_truck_glass
material,mc/mtl_truck_tires
material,mc/mtl_truck_trailer
material,mc/mtl_uaz_van
material,mc/mtl_uaz_van_2sided
material,mc/mtl_uaz_van_glass
material,mc/mtl_uaz_van_tires
material,mc/mtl_utility_light_off
material,mc/mtl_utility_light_on
material,mc/mtl_vcr
material,mc/mtl_vcr_tape_plastic
material,mc/mtl_vcr_tape_plastic_blue
material,mc/mtl_vcr_tape_plastic_brown
material,mc/mtl_vehicle_bradley
material,mc/mtl_vehicle_bradley_alpha_static
material,mc/mtl_vehicle_bradley_track_static
material,mc/mtl_vehicle_luxurysedan
material,mc/mtl_vehicle_luxurysedan_tires
material,mc/mtl_vehicle_luxurysedan_windows
material,mc/mtl_vehicle_luxurysedan_windows_inside
material,mc/mtl_vehicle_pickup_glass_destroyed
material,mc/mtl_vehicle_tractor
material,mc/mtl_vehicle_tractor_glass
material,mc/mtl_vehicle_tractor_plow
material,mc/mtl_vehicle_tractor_tire
material,mc/mtl_vehicle_truck
material,mc/mtl_vehicle_truck_destroyed
material,mc/mtl_vehicle_truck_destroyed_tyres
material,mc/mtl_vehicle_truck_tires
material,mc/mtl_vehicle_uaz
material,mc/mtl_vehicle_uaz_int
material,mc/mtl_vehicle_uaz_tire
material,mc/mtl_vehicle_zpu4_burn
material,mc/mtl_vehicle_zpu4_wheel_burn
material,mc/mtl_wagon_donkey
material,mc/mtl_wagon_donkey_metal
material,mc/mtl_wagon_donkey_rubber
material,mc/mtl_wall_clock
material,mc/mtl_water_tower
material,mc/mtl_water_tower2
material,mc/mtl_watermelon
material,mc/mtl_wheelbarrow
material,mc/mtl_widescreen_monitor
material,mc/mtl_winebottle
material,mc/mtl_wood_crate
material,mc/mtl_wood_stove
material,mc/mtl_woodcage
material,wc/7_zed3
material,wc/ap_office_carpet
material,wc/ap_stairs
material,wc/ap_stairs_edge
material,wc/ap_tile_kitchen
material,wc/ap_wood_smalltile_brown
material,wc/ap_wood_tile_big
material,wc/ap_wood_tile_brown
material,wc/ch_brick_wall_06
material,wc/ch_brick_wall_08
material,wc/ch_brick_wall_09
material,wc/ch_bulletinboardpaperdecals_2
material,wc/ch_church_roof
material,wc/ch_cliff02
material,wc/ch_cobble01
material,wc/ch_cobweb01
material,wc/ch_concrete_01
material,wc/ch_concrete_04
material,wc/ch_concrete_05
material,wc/ch_concretewall02
material,wc/ch_concretewall03
material,wc/ch_concretewall04
material,wc/ch_concretewall14
material,wc/ch_concretewall15
material,wc/ch_concretewall17
material,wc/ch_corrugated_01
material,wc/ch_counter_linoleum01
material,wc/ch_counterwall_1
material,wc/ch_curtain01
material,wc/ch_dec_boldtext01
material,wc/ch_dec_carpettorn
material,wc/ch_dec_darkstain_02
material,wc/ch_dec_ivy01
material,wc/ch_door_14
material,wc/ch_door_17
material,wc/ch_door_18
material,wc/ch_door_19
material,wc/ch_factory_diamondplate2
material,wc/ch_floor_tile02
material,wc/ch_floor_tile03
material,wc/ch_godray01
material,wc/ch_grass_01
material,wc/ch_grass_01_decal
material,wc/ch_grass_02
material,wc/ch_grass_02_decal
material,wc/ch_ground_dirt02
material,wc/ch_ground_mud02
material,wc/ch_ground_road_concrete01
material,wc/ch_housenumbers_black
material,wc/ch_mud_01
material,wc/ch_plywood01
material,wc/ch_poster_pinup1
material,wc/ch_roof_tiles_1
material,wc/ch_roof_tiles_2
material,wc/ch_rubble01_decal
material,wc/ch_stonewall_04
material,wc/ch_tile_floor04
material,wc/ch_tile_floor05
material,wc/ch_trim_woodlong01
material,wc/ch_trimplaster01
material,wc/ch_wall_burntwood_01
material,wc/ch_wall_cover_pink01
material,wc/ch_water01
material,wc/ch_wood01
material,wc/ch_woodpaint_white01
material,wc/ch_woodplank01
material,wc/ch_woodwall01
material,wc/com_glass_clear
material,wc/com_glass_shattered_inside
material,wc/com_persian_rug_01
material,wc/com_persian_rug_02
material,wc/credits_black
material,wc/icbm_decal_bloodpool
material,wc/icbm_decal_bloodsplat2
material,wc/icbm_decal_bloodsplat7
material,wc/icbm_decal_cableinstructions
material,wc/icbm_decal_handlewithcare2
material,wc/kitchen_tile
material,wc/me_asphalt_01
material,wc/me_asphalt_road1
material,wc/me_blue_wall_01
material,wc/me_brick_01
material,wc/me_cargocontainer_ext_door_snow
material,wc/me_cargocontainer_exteriordoor
material,wc/me_cargocontainer_exteriorwall
material,wc/me_cargocontainer_exteriorwall_snow
material,wc/me_cargocontainer_exttrimcorner01
material,wc/me_cargocontainer_exttrimcorner02
material,wc/me_cargocontainer_exttrimcorner1_snow
material,wc/me_cargocontainer_exttrimcorner2_snow
material,wc/me_cargocontainer_exttrimtall
material,wc/me_cargocontainer_exttrimtall_snow
material,wc/me_cargocontainer_exttrimtall_wet
material,wc/me_cargocontainer_exttrimwide
material,wc/me_cargocontainer_exttrimwide_snow
material,wc/me_cargocontainer_interiordoor
material,wc/me_cargocontainer_interiorfloor
material,wc/me_cargocontainer_interiorwall
material,wc/me_cargocontainer_top
material,wc/me_cinderblock_wall
material,wc/me_cinderblock_wall2
material,wc/me_cinderblock_wall2_top
material,wc/me_concrete_groovy
material,wc/me_concrete_riverwall_paint
material,wc/me_dec_bulletinboardpapers
material,wc/me_dec_wall_stain_1
material,wc/me_decal_adobe_bottom_01
material,wc/me_decal_adobe_top_01
material,wc/me_decal_brick
material,wc/me_decal_burned
material,wc/me_decal_cargocontainernumbers_03
material,wc/me_decal_cargocontainersignage01
material,wc/me_decal_cargocontainertext_01
material,wc/me_decal_concretepatch
material,wc/me_decal_darkstain_01
material,wc/me_decal_darkstain_02
material,wc/me_decal_darkstain_03
material,wc/me_decal_darkstain_05
material,wc/me_decal_oil_leak
material,wc/me_decal_papers
material,wc/me_decal_peelingpaint
material,wc/me_decal_plasterwall_03
material,wc/me_decal_plasterwall_04
material,wc/me_decal_poster2
material,wc/me_decal_radiator_fluid
material,wc/me_decal_wall_chipped_1
material,wc/me_decal_wallcorner_01
material,wc/me_fence_chainlink
material,wc/me_floor_01
material,wc/me_floor_03
material,wc/me_floor_concrete
material,wc/me_floor_metalgratingparallel
material,wc/me_floor_shinyblack
material,wc/me_graffiti03
material,wc/me_graffiti10
material,wc/me_graphitti_1
material,wc/me_graphitti_2
material,wc/me_ground_dirt03_decal
material,wc/me_ground_drygrass
material,wc/me_ground_mud1
material,wc/me_ground_sand1
material,wc/me_i_beam
material,wc/me_marketstall_canopy4
material,wc/me_metal_rust_02
material,wc/me_office_carpet01
material,wc/me_office_ceiling_light_1_dark_off
material,wc/me_office_ceiling_light_1_on
material,wc/me_office_ceiling_light_2_on
material,wc/me_office_white_door_1
material,wc/me_particleboard
material,wc/me_pinewood
material,wc/me_riverstain2
material,wc/me_screenprojectionmap
material,wc/me_sidewalk_curb_whiteorange
material,wc/me_sidewalk_dogbone
material,wc/me_stone_road01
material,wc/me_stonewall_03
material,wc/me_trash01
material,wc/me_trash_pile01
material,wc/me_trim_metal_conduit
material,wc/me_trim_metal_red
material,wc/me_two_x_four
material,wc/me_wallpaper_6
material,wc/me_window_08_dirty
material,wc/me_wire_black
material,wc/me_woodbeam_01
material,wc/me_woodbeam_end_01
material,wc/me_woodboard_01
material,wc/me_woodboard_02
material,wc/me_woodplanks01
material,wc/mil_decal_number3
material,wc/mtl_ch_crates
material,wc/office_brickglass
material,wc/office_carpet_01_red
material,wc/office_lighttanwall_01
material,wc/ship_body_wall
material,wc/ship_outside_wall
material,wc/ship_wall_stain5
material,wc/sky_armada
material,wc/water_cargoship_interior
techset,mc_ambient_t0c0
techset,mc_effect_falloff_add_nofog
techset,mc_effect_falloff_add_nofog_eyeoffset
techset,mc_effect_zfeather_falloff_add_nofog
techset,mc_effect_zfeather_falloff_add_nofog_eyeoffset
techset,mc_l_hsm_r0c0d0n0
techset,mc_l_hsm_r0c0d0n0s0
techset,mc_l_hsm_t0c0n0
techset,mc_l_hsm_t0c0n0s0
techset,mc_l_sm_r0c0d0n0
techset,mc_l_sm_r0c0d0n0s0
techset,mc_l_sm_t0c0n0
techset,mc_l_sm_t0c0n0s0
techset,mc_l_t0c0
techset,mc_l_t0c0n0
techset,mc_l_t0c0n0s0
techset,mc_l_t0c0s0
techset,mc_shadowcaster
techset,mc_threed_cinematic
techset,mc_unlit_replace
techset,sm2/mc_ambient_t0c0
techset,sm2/mc_effect_falloff_add_nofog
techset,sm2/mc_effect_falloff_add_nofog_eyeoffset
techset,sm2/mc_effect_zfeather_falloff_add_nofog
techset,sm2/mc_effect_zfeather_falloff_add_nofog_eyeoffset
techset,sm2/mc_l_hsm_r0c0d0n0
techset,sm2/mc_l_hsm_r0c0d0n0s0
techset,sm2/mc_l_hsm_t0c0n0
techset,sm2/mc_l_hsm_t0c0n0s0
techset,sm2/mc_l_sm_r0c0d0n0
techset,sm2/mc_l_sm_r0c0d0n0s0
techset,sm2/mc_l_sm_t0c0n0
techset,sm2/mc_l_sm_t0c0n0s0
techset,sm2/mc_l_t0c0
techset,sm2/mc_l_t0c0n0
techset,sm2/mc_l_t0c0n0s0
techset,sm2/mc_l_t0c0s0
techset,sm2/mc_shadowcaster
techset,sm2/mc_threed_cinematic
techset,sm2/mc_unlit_replace
techset,sm2/wc_distortion_scale
techset,sm2/wc_distortion_scale_zfeather
techset,sm2/wc_l_hsm_r0c0
techset,sm2/wc_l_hsm_r0c0d0
techset,sm2/wc_l_hsm_r0c0d0n0
techset,sm2/wc_l_hsm_r0c0d0n0s0
techset,sm2/wc_l_hsm_r0c0d0s0
techset,sm2/wc_l_hsm_r0c0n0
techset,sm2/wc_l_hsm_r0c0n0s0
techset,sm2/wc_l_hsm_r0c0s0
techset,sm2/wc_l_hsm_t0c0
techset,sm2/wc_l_hsm_t0c0n0
techset,sm2/wc_l_hsm_t0c0n0s0
techset,sm2/wc_l_hsm_t0c0s0
techset,sm2/wc_l_sm_r0c0
techset,sm2/wc_l_sm_r0c0d0
techset,sm2/wc_l_sm_r0c0d0n0
techset,sm2/wc_l_sm_r0c0d0n0s0
techset,sm2/wc_l_sm_r0c0d0s0
techset,sm2/wc_l_sm_r0c0n0
techset,sm2/wc_l_sm_r0c0n0s0
techset,sm2/wc_l_sm_r0c0s0
techset,sm2/wc_l_sm_t0c0
techset,sm2/wc_l_sm_t0c0n0
techset,sm2/wc_l_sm_t0c0n0s0
techset,sm2/wc_l_sm_t0c0s0
techset,sm2/wc_sky
techset,sm2/wc_unlit
techset,sm2/wc_unlit_add
techset,sm2/wc_unlit_falloff_add
techset,sm2/wc_unlit_multiply
techset,sm2/wc_water
techset,wc_distortion_scale
techset,wc_distortion_scale_zfeather
techset,wc_l_hsm_r0c0
techset,wc_l_hsm_r0c0d0
techset,wc_l_hsm_r0c0d0n0
techset,wc_l_hsm_r0c0d0n0s0
techset,wc_l_hsm_r0c0d0s0
techset,wc_l_hsm_r0c0n0
techset,wc_l_hsm_r0c0n0s0
techset,wc_l_hsm_r0c0s0
techset,wc_l_hsm_t0c0
techset,wc_l_hsm_t0c0n0
techset,wc_l_hsm_t0c0n0s0
techset,wc_l_hsm_t0c0s0
techset,wc_l_sm_r0c0
techset,wc_l_sm_r0c0d0
techset,wc_l_sm_r0c0d0n0
techset,wc_l_sm_r0c0d0n0s0
techset,wc_l_sm_r0c0d0s0
techset,wc_l_sm_r0c0n0
techset,wc_l_sm_r0c0n0s0
techset,wc_l_sm_r0c0s0
techset,wc_l_sm_t0c0
techset,wc_l_sm_t0c0n0
techset,wc_l_sm_t0c0n0s0
techset,wc_l_sm_t0c0s0
techset,wc_sky
techset,wc_unlit
techset,wc_unlit_add
techset,wc_unlit_falloff_add
techset,wc_unlit_multiply
techset,wc_water
image,$outdoor
image,55_gallon_drum_blue
image,55_gallon_drum_bump
image,80s_destglass_col
image,80s_econ_glass_col
image,80s_econ_nml
image,80s_econ_tan_col
image,80s_econ_yel_col
image,80s_econdestroy_nml
image,80s_econdestroy_red_col
image,antenna_c
image,antenna_n
image,ap_officecarpet_col
image,ap_officecarpet_nml
image,ap_stairs_col
image,ap_stairs_edge_col
image,ap_stairs_edge_nml
image,ap_stairs_nml
image,ap_tile_floor_kitchen_col
image,ap_tile_floor_kitchen_nml
image,ap_wood_smalltile_brown_col
image,ap_wood_tile_big_col
image,ap_wood_tile_big_nml
image,ap_wood_tile_brown_col
image,ap_wood_tile_brown_nml
image,arab_regular_al_asad_sp_col_dmg
image,arab_regular_al_asad_sp_nml_dmg
image,arab_regular_helmet_hands_sp_col
image,arab_regular_helmet_hands_sp_nml
image,arab_regular_lod_sp_col
image,arab_regular_lod_sp_nml
image,armoire
image,armoire_n
image,b21_bed_cover_col
image,b21_bed_cover_dstry_col
image,b21_bed_cover_nrm
image,b21_body_dstry_col
image,b21_missile_rack_dstry_col
image,banana_boxes
image,banana_boxes_bump
image,barrel_d
image,barrel_damaged_col
image,baskets_rattan_col
image,baskets_rattan_nml
image,bathroom_chrome_clr
image,bathroom_chrome_nml
image,bathroom_porcelain_clr
image,bathroom_porcelain_nml
image,bed_mattress_col
image,bed_mattress_frame_col
image,bed_mattress_frame_nml
image,bed_mattress_nml
image,bike_col
image,bike_normal
image,black
image,bm21_body_col
image,bm21_body_nrm
image,bm21_glass_col
image,bm21_glass_nrm
image,bm21_rockt_lnchr_nrm
image,bodies_arab_regular_col
image,bodies_arab_regular_nml
image,body_wall1_col
image,body_wall1_nml
image,books_c
image,books_n
image,broll_col
image,broll_nml
image,bulldozer_col
image,bulldozer_nml
image,bulldozer_tread_col
image,bulldozer_tread_nml
image,bunker_bed_c
image,bunker_bed_n
image,bunker_wires_details_col
image,bunker_wires_details_nml
image,bus1_col
image,bus1_nml
image,bus_bottom_col
image,bus_bottom_nml
image,bus_windows_col
image,bus_windows_nml
image,cafe_light_col
image,cafe_light_nml
image,cafe_table1_col
image,cafe_table1_nml
image,cafe_table2_col
image,cafe_table2_nml
image,canopy2_col
image,canopy2_nml
image,cardboard_box_color
image,cardboard_box_decal
image,cardboard_box_normal
image,cargocontainerdoorhinge_col
image,cargocontainerdoorhinge_nml
image,cargocontainerlockingbar_col
image,cargocontainerlockingbar_nml
image,case64blue
image,cellphone_col
image,cellphone_nml
image,ch_brickwall06_col
image,ch_brickwall06_nml
image,ch_brickwall08_col#0
image,ch_brickwall08_nml#0
image,ch_brickwall09_col
image,ch_brickwall09_nml
image,ch_bulletinboardpaperdecals_2_col
image,ch_bulletinboardpaperdecals_2_nml
image,ch_burntwoodwall_01_col
image,ch_burntwoodwall_01_nml
image,ch_churchroof
image,ch_churchroof_nml
image,ch_cliff2_col
image,ch_cliff2_nml
image,ch_cobble01_col
image,ch_cobble01_nml
image,ch_concrete01_col
image,ch_concrete04_col
image,ch_concrete04_n
image,ch_concrete_05_col
image,ch_concrete_ceiling01_n
image,ch_concretewall02_col
image,ch_concretewall02_nml
image,ch_concretewall03_col
image,ch_concretewall03_nml
image,ch_concretewall04_col
image,ch_concretewall04_nml
image,ch_concretewall14_col
image,ch_concretewall14_nml
image,ch_concretewall15_col
image,ch_concretewall17_col
image,ch_corrugated_01_col
image,ch_corrugated_01_nml
image,ch_couch_col
image,ch_couch_nml
image,ch_counter_linoleum01_col
image,ch_counterwall_1_col
image,ch_counterwall_1_nml
image,ch_crates_col
image,ch_crates_nml
image,ch_curtain01_col
image,ch_curtain01_nml
image,ch_curtain_col
image,ch_curtain_nml
image,ch_dec_boldtext01_col
image,ch_dec_carpettorn01_col
image,ch_dec_carpettorn01_nml
image,ch_dec_darkstain_02
image,ch_dec_ivy01_col#1
image,ch_dec_ivy01_nml
image,ch_door_14_col
image,ch_door_14_nml
image,ch_door_17_col
image,ch_door_17_nml
image,ch_door_18_col
image,ch_door_18_nml
image,ch_door_19_col
image,ch_door_19_nml
image,ch_factory_diamondplate2
image,ch_factory_diamondplate2bump
image,ch_floor_tile2_col
image,ch_floor_tile2_nml
image,ch_floor_tile3_col
image,ch_gas_pump_col
image,ch_gas_pump_glass_col
image,ch_gas_pump_nml
image,ch_godray01
image,ch_grass_02_col
image,ch_grass_02_nml
image,ch_grass_col
image,ch_ground_dirt02_col
image,ch_ground_dirt02_nml
image,ch_ground_mud02_col
image,ch_ground_mud02_nml
image,ch_ground_roadconcrete01_col
image,ch_ground_roadconcrete01_nml
image,ch_hayroll02_col
image,ch_hayroll02_nml
image,ch_housenumbers_black
image,ch_housenumbers_black_bump
image,ch_mud_col
image,ch_mud_n
image,ch_plastertrim01_col
image,ch_plastertrim01_nml
image,ch_plywood01_col
image,ch_plywood01_nml
image,ch_poster_pinup1
image,ch_radiator01_col
image,ch_radiator01_norm
image,ch_rooftiles_1_col
image,ch_rooftiles_1_nml
image,ch_rooftiles_2_col
image,ch_rooftiles_2_nml
image,ch_rubble01_col
image,ch_rubble01_nml
image,ch_stonewall04_col
image,ch_stonewall04_nml
image,ch_tile_floor04_col
image,ch_tile_floor04_nml
image,ch_tile_floor05_col
image,ch_tile_floor05_nml
image,ch_tile_floor05b_col
image,ch_tile_floor05b_nml
image,ch_trim_wood01_col
image,ch_trim_wood01_nml
image,ch_waching_machine_col
image,ch_waching_machine_nml
image,ch_wall_cover_pink01_col
image,ch_water
image,ch_web01
image,ch_wood01_col
image,ch_wood01_nml
image,ch_woodpaint_white_col
image,ch_woodpaint_white_nml
image,ch_woodplank01_col
image,ch_woodplank01_nml
image,ch_woodwall01_col
image,ch_woodwall01_nml
image,chair2_col
image,chair2_nml
image,churchpew_wood
image,churchpew_wood_nml
image,citrus_boxes
image,coffee_vodka01_col
image,com_chess_col
image,com_door_01_handleright_brown_col
image,com_door_01_handleright_brown_nml
image,com_door_01_handleright_col
image,com_door_01_handleright_nml
image,com_pc_monitor_col
image,com_pc_monitor_nml
image,com_persian_rug_01_col
image,com_persian_rug_01_nml
image,com_persian_rug_02_col
image,com_persian_rug_02_nml
image,com_roofvent
image,com_roofvent_nml
image,com_stove_col
image,com_tower_crane_col
image,com_tv_testpattern
image,com_water_heater_col
image,com_wood_log_col
image,com_wood_log_nml
image,computer_case_col
image,computer_case_nml
image,computer_monitor_col
image,computer_monitor_nml
image,concrete_wall_01
image,construction_dumpster_col
image,construction_dumpster_nml
image,copperpan_metalpots_col
image,copperpan_metalpots_norm
image,copy_paper_box_col
image,copy_paper_box_nml
image,cot
image,cot_n
image,dak_crates_russian_c
image,dak_crates_russian_n
image,dead_pine_col
image,dead_pine_nml
image,decal_number3_col
image,desktop_wallpaper_col
image,doorknob_col
image,doorknob_nml
image,duhoc_furniture_c
image,duhoc_furniture_n
image,dumpster_col
image,dumpster_lid_col
image,dumpster_lid_nml
image,dumpster_nml
image,fallujah_ft
image,faucet01
image,filecabinetblack_c
image,floodlight_beam
image,flower_pot_dirt_col
image,flower_pot_dirt_nml
image,flower_pot_large_col
image,flower_pot_large_nml
image,flower_pot_medium_col
image,flower_pot_medium_nml
image,flower_pot_small_col
image,flower_pot_small_nml
image,french_sink_col
image,french_toilet_col
image,french_toilet_normal
image,french_toilet_tank_col
image,french_toilet_tank_normal
image,frenchbath_showerhead_col
image,frenchbath_showerhead_normal
image,frenchbathtub_col
image,frenchbathtub_normal
image,furniture_piano01_c
image,furniture_piano01_n
image,furniture_wood_dull
image,furniture_wood_dull_normal
image,gas_pipes_col
image,gas_pipes_nml
image,gas_pump_col
image,gas_pump_nml
image,hand_rail_col
image,hand_rail_nml
image,haycart
image,haycart_nm
image,hedgewallbush_all_col
image,hedgewallbush_lodrenders_col
image,icbm_bloodpool_col
image,icbm_decal_bloodsplat2
image,icbm_decal_bloodsplat7
image,icbm_decal_cableinstructions
image,icbm_decal_handlewithcare2
image,industrial_light_01_col
image,industrial_light_bulb_01_on_col
image,industrialtrashbin_col
image,industrialtrashbin_normal
image,ivy_col#1
image,ivy_nml
image,junktire_col
image,junktire_nml
image,kitchen_tile_col
image,kitchen_tile_nml
image,lamp_desk_off
image,lamp_ornate_c
image,lamp_ornate_n
image,laptop_envu_blk_col
image,laptop_envu_col
image,laptop_envu_nml
image,light_grass_col#0
image,lightbox_on_c
image,lightfluohang_col
image,lightfluohang_norm
image,luggage01_col
image,luggage01_nml
image,luxurysedan_col
image,luxurysedan_nml
image,luxurysedan_windows_col
image,luxurysedan_windows_inside_col
image,mailboxes_col
image,mailboxes_nml
image,mango_green_col
image,mango_redorange_col
image,mango_redorange_nml
image,market_umbrella03_col
image,market_umbrella03_nml
image,market_umbrella06_col
image,me_adobe_bottom
image,me_adobe_bottom_normal
image,me_adobe_top
image,me_asphalt_01
image,me_asphalt_01_n
image,me_asphalt_road1_color
image,me_asphalt_road1_normal
image,me_blue_wall
image,me_blue_wall_n
image,me_cargocontainer_corner1_snow_col
image,me_cargocontainer_corner1_snow_nml
image,me_cargocontainer_corner2_snow_col
image,me_cargocontainer_corner2_snow_nml
image,me_cargocontainer_decal_text01_col
image,me_cargocontainer_decalnumbers03_col
image,me_cargocontainer_decalsignage01_col
image,me_cargocontainer_exttrimcorner01_col
image,me_cargocontainer_exttrimcorner01_nml
image,me_cargocontainer_exttrimcorner02_col
image,me_cargocontainer_exttrimtall01_col
image,me_cargocontainer_exttrimtall_snow_col
image,me_cargocontainer_exttrimtall_snow_nml
image,me_cargocontainer_exttrimwide01_col
image,me_cargocontainer_exttrimwide_snow_col
image,me_cargocontainer_exttrimwide_snow_nml
image,me_cargocontainerexteriordoor_col
image,me_cargocontainerexteriordoor_nml
image,me_cargocontainerexteriordoor_snow_col
image,me_cargocontainerexteriordoor_snow_nml
image,me_cargocontainerexteriorwall_col
image,me_cargocontainerexteriorwall_nml
image,me_cargocontainerexteriorwall_snow_col
image,me_cargocontainerexteriorwall_snow_nml
image,me_cargocontainerinteriordoor_col
image,me_cargocontainerinteriordoor_nml
image,me_cargocontainerinteriorfloor_col
image,me_cargocontainerinteriorfloor_nml
image,me_cargocontainerinteriorwall_col
image,me_cargocontainerinteriorwall_nml
image,me_cargocontainertop_col
image,me_cargocontainertop_nml
image,me_chainlink_fence_color#0
image,me_chainlink_fence_normal
image,me_cinderblock_wall
image,me_cinderblock_wall02_col
image,me_cinderblock_wall02_nml
image,me_cinderblock_wall02_t_col
image,me_cinderblock_wall02_t_nml
image,me_cinderblock_wall_normal
image,me_concrete_grooved_col
image,me_concrete_grooved_nml
image,me_concrete_riverwall_nml
image,me_concrete_riverwall_paint_col
image,me_corrugated_metal1_col
image,me_corrugated_metal1_nml
image,me_dec_bulletinboardpapers_col
image,me_dec_wall_stain_1_col
image,me_decal_brick
image,me_decal_brick_bump
image,me_decal_burned_col
image,me_decal_concretepatch
image,me_decal_concretepatch_bump
image,me_decal_darkstain_01
image,me_decal_darkstain_04
image,me_decal_darkstain_05
image,me_decal_darkstain_07
image,me_decal_oil_leak_col
image,me_decal_peelingpaint
image,me_decal_peelingpaint_bump
image,me_decal_plasterwall03
image,me_decal_plasterwall03_n
image,me_decal_plasterwall04
image,me_decal_plasterwall04_n
image,me_decal_poster2
image,me_decal_radiator_fluid_col
image,me_decal_radiator_fluid_nml
image,me_decal_wall_chipped_1_col
image,me_decal_wall_chipped_1_nml
image,me_decal_wallcorner_col
image,me_decal_wallcorner_nml
image,me_dogbone_walk
image,me_dogbone_walk_bump
image,me_floor_concrete_c
image,me_floor_concrete_n
image,me_floor_metalgratingparallel_col#0
image,me_floor_metalgratingparallel_nml#0
image,me_floor_shinyblack_col
image,me_floor_tile
image,me_floor_tile2
image,me_floor_tile2_n
image,me_floor_tile_n
image,me_graffiti03
image,me_graffiti22
image,me_graphitti_1
image,me_graphitti_2
image,me_grass_dry_col
image,me_grass_dry_nml
image,me_ground_mud1_color
image,me_ground_mud1_normal
image,me_ground_sand03_col
image,me_ground_sand03_nml
image,me_ground_sand1_color
image,me_ground_sand1_normal
image,me_i_beam_col
image,me_i_beam_norm
image,me_marketstall_canopy4_col
image,me_marketstall_canopy4_nml
image,me_metal_grey01_col
image,me_metal_grey01_nml
image,me_metal_rusty02_col
image,me_metal_rusty02_nml
image,me_office_ceiling_light_1_off_col
image,me_office_ceiling_light_1_off_nml
image,me_office_ceiling_light_1_on_col
image,me_office_ceiling_light_2_off_nml
image,me_office_ceiling_light_2_on_col
image,me_office_white_door_1_col
image,me_office_white_door_1_nml
image,me_officecarpet
image,me_officecarpet_nml
image,me_paintings
image,me_paintings2
image,me_paintings3
image,me_paper_debris_c
image,me_paper_debris_n
image,me_partlicleboard_col
image,me_partlicleboard_nml
image,me_pictureframes
image,me_pictureframes_bump
image,me_pinewood_col
image,me_pinewood_norm
image,me_riverstain2
image,me_riverstain2_nml
image,me_screenprojectionmap_col
image,me_sidewalk_curb_normal
image,me_sidewalk_curb_whiteorange_color
image,me_stone_road01_col
image,me_stone_road01_nml
image,me_stone_wall_col
image,me_stone_wall_nml
image,me_trim_metal_conduit_col
image,me_trim_metal_conduit_norm
image,me_trim_metal_red_col
image,me_trim_metal_red_norm
image,me_two_x_four_col
image,me_two_x_four_nml
image,me_wallpaper_4_nml
image,me_wallpaper_6_col
image,me_window_08_dirty_col
image,me_wire_black
image,me_wood_01_col
image,me_wood_01_nml
image,me_wood_beam
image,me_wood_beam_end
image,me_wood_beam_end_normal
image,me_wood_beam_normal
image,me_woodboard_01_col
image,me_woodboard_01_nml
image,me_woodboard_02_col
image,me_woodboard_02_nml
image,merrygoround_col
image,merrygoround_nml
image,metal_01
image,milk_carton_col
image,mtl_truck_cab_col
image,mtl_truck_cab_nml
image,mtl_truck_trailer_col
image,mtl_truck_trailer_glass_col
image,mtl_truck_trailer_glass_nml
image,mtl_truck_trailer_nml
image,mtl_uaz_van_col
image,mtl_uaz_van_glass_col
image,mtl_uaz_van_nml
image,newgrass_col#0
image,newgrasstufts_col#0
image,northafrica_armoire_col
image,northafrica_armoire_normal
image,northafrica_chairs_col
image,northafrica_chairs_normal
image,northafrica_tables_col
image,northafrica_tables_normal
image,office_books_col
image,office_books_nml
image,office_brickglass
image,office_shelf_col
image,office_shelf_nml
image,officecarpet1_col
image,officewall01_col
image,officewall01_nml
image,orange_col
image,orange_nml
image,outside_wall_col
image,outside_wall_nml
image,pail
image,pail_bump
image,paint_can_col
image,paint_can_nml
image,pallet_col
image,pallet_nml
image,pickup_col
image,pickup_destroyed_col
image,pickup_destroyed_nml
image,pickup_glass_destroyed_col
image,pickup_nml
image,pillows_col
image,pillows_nml
image,pine02_col
image,pine02_norm
image,pipe_plate
image,pipe_plate_n
image,pipe_trim
image,pipe_trim_n
image,plastic_bottles_col
image,plastic_bottles_nml
image,plastic_crates_bump
image,plasticcrate_brown
image,plasticcrate_red
image,potted_plant01_col
image,potted_plant01_nml
image,potted_plant02_col
image,potted_plant02_nml
image,potted_plant03_col
image,potted_plant03_nml
image,power_pole_col
image,power_pole_normal
image,py_wall2
image,r_stove_01_col
image,r_stove_01_nml
image,red_pine_col
image,red_pine_nml
image,red_toolbox_col
image,red_toolbox_nml
image,refrigerator2_col
image,refrigerator2_nml
image,refrigerator_col
image,refrigerator_nml
image,restaurant_chair_1_col
image,restaurant_chair_1_nml
image,restaurant_sink_col
image,restaurant_sink_nml
image,restaurant_stainlesssteelshelf_col
image,restaurant_stainlesssteelshelf_nml
image,restaurant_stove_col
image,restaurant_stove_nml
image,restaurantceilinglamp_1_col
image,satellitedish_c
image,satellitedish_n
image,school_desk_and_chairs_col
image,school_desk_and_chairs_nml
image,shadewire
image,shower_clr
image,shower_glass_clr
image,shower_glass_nml
image,shower_glass_underlay_clr
image,shower_nml
image,slide_col
image,slide_nml
image,small_hatchback_wagon_blue_col
image,small_hatchback_wagon_d_blue_col
image,small_hatchback_wagon_d_green_col
image,small_hatchback_wagon_d_nrml
image,small_hatchback_wagon_d_white_col
image,small_hatchback_wagon_nrml
image,small_hatchback_wagon_white_col
image,small_hatchback_wagon_windows_col
image,small_hatchback_wagon_windows_d_col
image,soup_can_col
image,soup_can_nml
image,speaker_col
image,speaker_nml
image,streetlight_col
image,streetlight_norm
image,streetlight_on_col
image,tanker_truck_civ_col
image,tanker_truck_civ_col_d
image,tanker_truck_col
image,tanker_truck_col_d
image,tanker_truck_glass_col
image,tanker_truck_glass_col_d
image,tanker_truck_glass_nml
image,tanker_truck_nml
image,telephone_wall_col
image,telephone_wall_nml
image,television1_col
image,television1_nml
image,tin_boxes_col
image,tin_boxes_normal
image,tires02_col
image,tires02_nml
image,tomatoes
image,tomatoes_bump
image,towel_clr
image,towel_nml
image,tractor_c
image,tractor_col
image,tractor_glass_col
image,tractor_glass_nml
image,tractor_n
image,tractor_nml
image,tractor_plow_col
image,tractor_plow_nml
image,traincar01_col
image,traincar01_nml
image,trainwheel01_col
image,trainwheel01_nml
image,transparent_dirty
image,trash01_col
image,trash01_nml
image,trash_pile01_col
image,trashbag_black_col
image,trashbag_nml
image,trashcan_col
image,tree_chechnya_trunk_col
image,tree_chechnya_trunk_nml
image,tree_desertbushy_col
image,tree_destroyed_col
image,tree_destroyed_nml
image,tree_grey_oak_col
image,tree_grey_oak_nml
image,tree_pine_col
image,tree_pine_nml
image,tree_river_birch_col
image,tree_river_birch_nml
image,tree_shadowcaster
image,trushcan_nml
image,utility_light_col
image,vcr_col
image,vcr_nml
image,vcr_tape_plastic_1_nml
image,vcr_tape_plastic_blue_col
image,vcr_tape_plastic_brown_col
image,vcr_tape_plastic_grey_col
image,vehicle_bradley_alpha_col
image,vehicle_bradley_alpha_nrml
image,vehicle_bradley_col
image,vehicle_bradley_nrml
image,vehicle_bradley_track_col
image,vehicle_bradley_track_nrml
image,vehicle_uaz_col
image,vehicle_uaz_int_col
image,vehicle_uaz_int_nml
image,vehicle_uaz_nml
image,vehicle_uaz_tire_col
image,vehicle_uaz_tire_nml
image,vehicle_zpu4_burn_col
image,vehicle_zpu4_burn_nml
image,vehicle_zpu4_wheel_burn_col
image,vehicle_zpu4_wheel_burn_nml
image,wagon_donkey_col
image,wagon_donkey_nml
image,wall_clock_col
image,wall_clock_nml
image,wall_stain5_col
image,water_tower2_col_#0
image,water_tower2_nml
image,water_tower_col
image,water_tower_nml
image,watermelon_col
image,watermelon_nml
image,wheelbarrow_c
image,wheelbarrow_n
image,winebottles_col
image,winebottles_norm
image,woodcage_col
image,woodcage_nml
image,woodcrates_col
image,woodcrates_nml
image,xpec_hub_caps_col
image,xpec_hub_caps_nml
image,xpec_lawn_mower_col
image,xpec_lawn_mower_nml
image,xpec_metal_briefcase_col
image,xpec_metal_briefcase_nml
image,xpec_rowboat_and_paddles_col
image,xpec_rowboat_and_paddles_nml
image,~$white-rgbl
image,~55_gallon_drum_spec-r-59g-59~bf714207
image,~80s_destglass_spc-rgb&80s_de~0f42539d
image,~80s_econ_glass_spc-rgb&80s_e~29444396
image,~80s_econ_spc-rgb&80s_econ_cos-l-11
image,~80s_econdestroy_spc-rgb&80s_~2838a1ce
image,~antenna_s-rgb&antenna_cp-l-11
image,~ap_stairs_edge_spc-rgb&ap_st~c6097970
image,~ap_stairs_spc-rgb&ap_stairs_cos-l-11
image,~ap_tile_floor_kitchen_spc-rg~35777ebd
image,~ap_wood_smalltile_brown_spc-~b31339d4
image,~ap_wood_tile_big_spc-r64g64b~54fc5470
image,~ap_wood_tile_brown_spc-rgb&a~3bca95f8
image,~arab_regular_al_asad_sp_spc_~37f55286
image,~arab_regular_helmet_hands_sp~9476642e
image,~arab_regular_lod_sp_spc-rgb&~6eec55b0
image,~armoire_s-rgb&armoire_cp-l-11
image,~b21_bed_cover_spc-rgb&b21_be~7593e99a
image,~baskets_rattan_spc-rgb&$white-l-11
image,~bathroom_chrome_spc-rgb&bath~03806b1d
image,~bathroom_porcelain_spc-rgb&b~12d0b377
image,~bed_mattress_frame_spc-rgb&b~4f3be6fc
image,~bed_mattress_spc-rgb&bed_mat~197334ec
image,~bike_spec-rgbl-79
image,~bm21_body_spc-rgb&bm21_body_cos-l-11
image,~bm21_glass_spc-rgb&bm21_glas~a3ec2052
image,~bm21_rockt_lnchr_spc-rgb&bm2~b625a5ec
image,~bodies_arab_regular_spc-rgb&~3e6beec8
image,~books_s-rgb&books_cp-l-11
image,~broll_spc-rgb&broll_cos-l-11
image,~bulldozer_spc-rgb&bulldozer_cos-l-11
image,~bulldozer_tread_spc-rgb&bull~24268a85
image,~bunker_bed_s-rgbl-11
image,~bunker_wires_details_spc-rgb~4ee76dac
image,~bus1_spc-rgb&bus1_cos-l-11
image,~bus_bottom_spc-r-61g-61b-61&~d11856e3
image,~bus_windows_spc-rgb&bus_wind~116a5863
image,~cafe_light_spc-rgb&cafe_ligh~0aab7842
image,~cafe_table1_spc-rgb&cafe_tab~89c1bc16
image,~cafe_table2_spc-rgb&cafe_tab~988aa013
image,~cardboard_box_spec-rgbl-11
image,~cargocontainerdoorhinge_spc-~224e98d5
image,~cargocontainerlockingbar_spc~2ff803ff
image,~cellphone_spc-rgb&cellphone_cos-l-11
image,~ch_asphalt01_spc-r-59g-59b-5~c3199bef
image,~ch_brickwall06_spc-r30g30b30~86871058
image,~ch_brickwall08_spc-r34g34b34~b085acbe
image,~ch_brickwall09_spc-r-25g-25b~87eb3694
image,~ch_bulletinboardpaperdecals_~a8b43c31
image,~ch_burntwoodwall_01_spc-rgb&~687fc6cd
image,~ch_churchroof_spc-rgbl-11
image,~ch_cliff2_spc-rgb&ch_cliff2_cos-l-11
image,~ch_cobble01a_spc-rgb&ch_cobb~08a10afe
image,~ch_concrete04_s-rgb&ch_concr~677c2004
image,~ch_concrete_05_spc-r-25g-25b~2eeb3a58
image,~ch_concrete_ceiling01_s-rgb&~00677740
image,~ch_concretewall02_spc-r73g73b73l-11
image,~ch_concretewall03_spc-r30g30b30l-11
image,~ch_concretewall04_spc-r-25g-~773bbd54
image,~ch_concretewall14_spc-rgb&ch~16d8636f
image,~ch_corrugated_01_spc-r-49g-4~e8cffdd4
image,~ch_couch_spc-rgb&ch_couch_cos-l-11
image,~ch_counter_linoleum01_spc-rgbl-11
image,~ch_counterwall_1_spc-rgb&ch_~d94f421e
image,~ch_crates_spc-rgb&ch_crates_cos-l-11
image,~ch_curtain01_spc-rgb&ch_curt~7fffa930
image,~ch_curtain_spc-rgb&ch_curtai~fd5a929b
image,~ch_dec_ivy01_spc-rgb&ch_dec_~1a0adc2c
image,~ch_door_14_spc-r34g34b34&ch_~f97333bc
image,~ch_door_17_spc-r34g34b34&ch_~d3382983
image,~ch_door_18_spc-r34g34b34&ch_~a6bda9b7
image,~ch_door_19_spc-r34g34b34&ch_~68bd4544
image,~ch_factory_diamondplate2spec~f6d63f1f
image,~ch_floor_tile2_spc-rgb&ch_fl~f0ada306
image,~ch_gas_pump_glass_spc-r-61g-~8f20da0c
image,~ch_gas_pump_spc-rgb&ch_gas_p~51c4927a
image,~ch_grass_02_spc-r-25g-25b-25~23532c3a
image,~ch_grass_02_spc-rgb&ch_grass~3fc77e0f
image,~ch_ground_dirt02_spc-r30g30b~0926105f
image,~ch_ground_mud02_spc-rgb&ch_g~1b6fe333
image,~ch_ground_roadconcrete01_spc~5ee756fd
image,~ch_hayroll02_spc-rgb&ch_hayr~9d06e050
image,~ch_housenumbers_black_spec-rgbl-11
image,~ch_mud_s-rgb&ch_mud_cp-l-11
image,~ch_plastertrim01_spc-rgb&ch_~f859e7ff
image,~ch_plywood01_spc-rgb&ch_plyw~506b1735
image,~ch_radiator01_spec-rgb&ch_ra~ff839829
image,~ch_rooftiles_1_spc-rgb&ch_ro~6767ce00
image,~ch_rooftiles_2_spc-rgb&ch_ro~31160e3d
image,~ch_rubble02_spc-r-25g-25b-25~b9e0e09c
image,~ch_stonewall04_spc-rgb&ch_st~0c4af7b5
image,~ch_tile_floor04_spc-rgb&ch_t~b244bbe9
image,~ch_tile_floor05_spc-rgb&ch_t~16b82c96
image,~ch_tile_floor05b_spc-rgb&ch_~13a89664
image,~ch_trim_wood01_spc-rgb&$white-l-11
image,~ch_waching_machine_spc-r-71g~5393bd6c
image,~ch_wall_cover_pink01_spc-rgbl-11
image,~ch_water-rgbl-11
image,~ch_web01_spc-rgbl-71
image,~ch_wood01_spc-rgb&ch_wood01_cos-l-11
image,~ch_woodpaint_white_spc-rgb&c~5fbfb4e9
image,~ch_woodplank01_spc-rgb&ch_wo~f36b6198
image,~ch_woodwall01_spc-r29g29b29&~9eeac44b
image,~chair2_spc-rgb&chair2_cos-l-11
image,~churchpew_wood_spec-rgb&chur~d644f949
image,~coffee_vodka01_spc-rgb&coffe~6f818879
image,~com_chess_spc-rgb&com_chess_cos-l-11
image,~com_door_01_handleright_spc-~9354d8c9
image,~com_pc_monitor_spc-rgb&com_p~1522d618
image,~com_roofvent_spec-rgbl-11
image,~com_stove_spc-r-49g-49b-49&c~e6a15fbe
image,~com_tower_crane_spc-r-17g-17~11e01f4d
image,~com_water_heater_spc-r-49g-4~fade6a7d
image,~com_wood_log_spc-r-17g-17b-1~17d6fb28
image,~computer_case_spc-rgb&comput~eefb9933
image,~computer_monitor_spc-rgb&com~7e136350
image,~construction_dumpster_spc-rg~91a98edc
image,~copperpan_metalpots_spec-rgb~aedebf0f
image,~copy_paper_box_spc-rgb&copy_~48f49ba9
image,~cot_s-rgb&cot_cp-l-11
image,~dak_crates_russian_s-rgb&dak~bc149df2
image,~dead_pine_spc-r-71g-71b-71&d~34842d41
image,~doorknob_spc-rgb&doorknob_cos-l-11
image,~duhoc_furniture_s-rgb&duhoc_~be8ee293
image,~dumpster_lid_spc-r-87g-87b-8~719d834f
image,~dumpster_spc-r-87g-87b-87&du~872bd7d0
image,~faucet01_spec-rgb&lamp_desk_~18c88467
image,~flower_pot_dirt_spc-rgb&flow~412ab4fe
image,~flower_pot_large_spc-rgb&flo~a893d326
image,~flower_pot_medium_spc-rgb&fl~8e2e0a9c
image,~flower_pot_small_spc-rgb&flo~46b25e31
image,~french_sink_spec-rgb&french_~48b37dec
image,~french_toilet_spec-rgb&frenc~7049da3c
image,~french_toilet_tank_spec-rgb&~a922c970
image,~frenchbath_showerhead_spec-r~45df671e
image,~frenchbathtub_spec-rgb&frenc~11490a71
image,~furniture_piano01_s-rgb&furn~1d1aa102
image,~furniture_wood_dull_spec-rgb~f925ebb6
image,~gas_pipes_spc-rgb&gas_pipes_cos-l-11
image,~gas_pump_spc-rgb&gas_pump_cos-l-11
image,~hand_rail_spc-rgb&hand_rail_cos-l-11
image,~haycart_specular-rgbl-11
image,~icbm_bloodpool_spc-rgb&icbm_~495b5286
image,~industrial_light_01_spc-r-61~d834fc91
image,~ivy_spc-rgb&ivy_cos-l-11
image,~junktire_spc-rgb&junktire_cos-l-11
image,~kitchen_tile_spc-rgb&kitchen~f077626d
image,~lamp_desk_off_spec-rgb&lamp_~6d44d792
image,~lamp_ornate_s-rgb&lamp_ornate_cp-l-11
image,~laptop_envu_spc-rgb&laptop_e~352a7025
image,~lightfluohang_spec-rgb&light~20d8db0f
image,~luggage01_spc-rgb&luggage01_cos-l-11
image,~luxurysedan_spc-rgb&luxuryse~96985ed3
image,~luxurysedan_windows_spc-r-17~1eb7e6e1
image,~luxurysedan_windows_spc-rgb&~5f237a1a
image,~mailboxes_spc-rgb&mailboxes_cos-l-11
image,~mango_redorange_spc-rgb&mang~d811f4a6
image,~me_asphalt_01_s-r-25g-25b-25l-11
image,~me_blue_wall_s-r66g66b66l-11
image,~me_cargocontainer_exttrimcor~93d41e1a
image,~me_cargocontainer_exttrimcor~ec02fd5c
image,~me_cargocontainer_exttrimtal~529d66cf
image,~me_cargocontainer_exttrimwid~28f51640
image,~me_cargocontainerexteriordoo~14346a19
image,~me_cargocontainerexteriordoo~436ac6b3
image,~me_cargocontainerexteriorwal~27c3d421
image,~me_cargocontainerexteriorwal~ff66a96d
image,~me_cargocontainerinteriordoo~a162fc7d
image,~me_cargocontainerinteriorflo~daa93891
image,~me_cargocontainerinteriorwal~0542e0d1
image,~me_cargocontainertop_spc-rgb~4465eb4f
image,~me_chainlink_fence_spec-r-44~92a16537
image,~me_cinderblock_wall02_spc-rg~2e3b23af
image,~me_cinderblock_wall02_t_spc-~b34028d7
image,~me_cinderblock_wall_spec-r34~9cf6ad25
image,~me_concrete_grooved_spc-rgbl-11
image,~me_concrete_riverwall_paint_~f537bfe2
image,~me_corrugated_metal1_spc-r13~4c39fc33
image,~me_decal_brick_spec-rgbl-11
image,~me_decal_oil_leak_spc-r34g34~26a2427c
image,~me_decal_plasterwall03_s-r-2~bf37016e
image,~me_decal_plasterwall04_s-r-2~bf37016e
image,~me_decal_radiator_fluid_spc-~e35f6994
image,~me_decal_wallcorner_spc-rgb&~99b3c4d1
image,~me_dogbone_walk_spec-rgbl-11
image,~me_floor_concrete_s-rgb&me_f~5099b0d2
image,~me_floor_metalgratingparalle~5ed075d1
image,~me_floor_shinyblack_spc-rgb&~b2472d46
image,~me_floor_tile2_s-rgbl-11
image,~me_floor_tile_s-rgbl-11
image,~me_grass_dry_spc-r-17g-17b-17l08
image,~me_ground_mud1_spec-r-25g-25~216b22fd
image,~me_ground_sand03_spc-rgb&me_~dc5d35ed
image,~me_ground_sand1_spec-rgbl-11
image,~me_i_beam_spec-rgb&me_i_beam_cos-l-11
image,~me_metal_grey01_spc-rgb&me_m~a98149b3
image,~me_metal_rusty02_spc-rgb&me_~7892a531
image,~me_office_ceiling_light_1_of~4a7cd7f6
image,~me_office_ceiling_light_2_of~aa56345c
image,~me_office_white_door_1_spc-r~b37a3f1c
image,~me_paintings2_cos-rgbl-11
image,~me_paintings3_spc-rgbl-11
image,~me_paintings_cos-rgbl-11
image,~me_paper_debris_s-r-17g-17b-~42c7fd05
image,~me_partlicleboard_spc-rgbl-11
image,~me_pictureframes_spec-rgb&$white-l-11
image,~me_pinewood_spc-rgbl-11
image,~me_riverstain2_spc-rgbl-11
image,~me_sidewalk_curb_spec-r-25g-~80c9dee2
image,~me_stone_road01_spc-rgb&me_s~7f859258
image,~me_stone_wall_spc-rgb&me_sto~a3736701
image,~me_trim_metal_conduit_spec-r~27a891f0
image,~me_trim_metal_red_spec-rgb&m~a0e244ca
image,~me_two_x_four_spc-rgbl-11
image,~me_wallpaper_4_spc-rgb&me_wa~cc3d5f12
image,~me_window_08_dirty_spc-rgb&$~ae6da276
image,~me_wood_01_spc-r-25g-25b-25&~f8fb071a
image,~me_wood_beam_end_spec-rgbl-11
image,~me_wood_beam_spec-rgbl-11
image,~me_woodboard_01_spc-rgb&me_w~9fe29fd2
image,~me_woodboard_02_spc-rgb&me_w~f5166db2
image,~merrygoround_spc-r34g34b34&m~20be5677
image,~milk_carton_spc-rgb&milk_car~33deef45
image,~mtl_truck_cab_spc-rgb&mtl_tr~9004f4e3
image,~mtl_truck_trailer_glass_spc-~aab46942
image,~mtl_truck_trailer_spc-rgb&mt~8d60244a
image,~mtl_uaz_van_glass_spc-rgb&mt~07e5d17a
image,~mtl_uaz_van_spc-rgb&mtl_uaz_~33d7dc5f
image,~northafrica_armoire_spec-rgb~e1580fef
image,~northafrica_chairs_spec-rgb&~f790ce45
image,~northafrica_tables_spec-rgb&~eadf0665
image,~office_books_spc-rgb&office_~9214dd38
image,~office_shelf_spc-rgb&office_~5df260e9
image,~officecarpet1_spc-rgbl-11
image,~officewall01_spec-rgb&office~f65856fa
image,~orange_spc-rgb&orange_cos-l-11
image,~pail_spec-rgb&$white-l-11
image,~paint_can_spc-rgb&paint_can_cos-l-11
image,~pallet_spc-rgb&pallet_cos-l-11
image,~pickup_destroyed_spec-rgb&pi~528f266c
image,~pickup_glass_destroyed_spec-~8ee34939
image,~pickup_spc-rgb&pickup_cos-l-11
image,~pillows_spc-rgb&pillows_cos-l-11
image,~pine02_spec-rgb&pine02_cos-l-11
image,~pipe_plate_s-rgb&pipe_plate_cp-l-11
image,~pipe_trim_s-rgb&pipe_trim_cp-l-11
image,~plastic_bottles_spc-rgb&plas~dfda3ded
image,~plasticcrate_spec-r30g30b30&~5ecb3232
image,~potted_plant01_spc-rgb&potte~c7262fc3
image,~potted_plant02_spc-rgb&potte~9e1f1335
image,~potted_plant03_spc-rgb&potte~ff7f4197
image,~power_pole_spec-rgbl-11
image,~r_stove_01_spc-rgb&r_stove_0~60a80488
image,~red_toolbox_spc-rgb&red_tool~1120824b
image,~refrigerator2_spec-rgb&refri~bef6e359
image,~refrigerator_spec-rgb&refrig~e65ac661
image,~restaurant_chair_1_spc-rgb&r~41f113a3
image,~restaurant_sink_spc-rgb&rest~93f2ca17
image,~restaurant_stainlesssteelshe~01afeb18
image,~restaurant_stove_spc-rgb&res~2fe276cb
image,~restaurantceilinglamp_1_spc-~03a0e31d
image,~satellitedish_s-rgb&satellit~57e9c344
image,~school_desk_and_chairs_spc-r~23737153
image,~shower_glass_spc-rgb&shower_~09f534e4
image,~shower_glass_underlay_spc-rg~0ee88e03
image,~shower_spc-rgb&shower_cos-l-11
image,~slide_spc-r34g34b34&slide_cos-l40
image,~small_hatchback_wagon_d_spec~7e6ea94c
image,~small_hatchback_wagon_spec-r~fc4e9322
image,~small_hatchback_wagon_window~4abe3a1b
image,~small_hatchback_wagon_window~50c6dfab
image,~soup_can_spc-rgbl-11
image,~speaker_spc-rgb&speaker_cos-l-11
image,~streetlight_spec-rgb&streetl~8002b549
image,~tanker_truck_civ_spc_d-rgb&t~c20fa548
image,~tanker_truck_civ_spec-r-25g-~055cc706
image,~tanker_truck_civ_spec-rgb&ta~a7858427
image,~tanker_truck_glass_spc-rgb&t~1bbf316f
image,~tanker_truck_glass_spc_d-rgb~0114144a
image,~tanker_truck_spc-r-59g-59b-5~d4cf5b85
image,~tanker_truck_spc-rgb&tanker_~b6805acf
image,~tanker_truck_spc_d-r-59g-59b~2b2693fb
image,~tanker_truck_spc_d-rgb&tanke~a118ce5c
image,~telephone_wall_spc-rgb&telep~1a2637e6
image,~television1_spc-rgb&televisi~dbaf2795
image,~tin_boxes_spec-rgb&$white-l-11
image,~tires02_spc-r-49g-49b-49&tir~3fdd549f
image,~tomatoes_spec-rgb&$white-l-11
image,~towel_spc-rgb&towel_cos-l-11
image,~tractor_glass_spc-r-17g-17b-~f8c179ff
image,~tractor_plow_spc-r-17g-17b-1~216787ac
image,~tractor_s-rgb&tractor_cp-l-11
image,~tractor_spc-r30g30b30&tracto~b29f56f1
image,~traincar01_spc-rgb&traincar0~60a80488
image,~trainwheel01_spc-rgb&trainwh~2a8827a6
image,~trash01_spc-rgb&trash01_cos-l-11
image,~trashbag_spc-r-25g-25b-25&tr~b1b521a2
image,~trashcan_spc-rgb&trashcan_cos-l-11
image,~utility_light_spc-rgb&utilit~b292aeb4
image,~vcr_spc-rgb&vcr_cos-l-11
image,~vcr_tape_plastic_1_spc-r29g2~24087965
image,~vehicle_bradley_spec-rgb&veh~9ba1e99c
image,~vehicle_bradley_track_spc-rg~436d1e9b
image,~vehicle_uaz_int_spc-r-61g-61~47d1ec3e
image,~vehicle_uaz_spc-r-59g-59b-59~a76c587d
image,~vehicle_uaz_tire_spc-r-61g-6~d23037ac
image,~vehicle_zpu4_burn_spc-r-59g-~d551c63c
image,~vehicle_zpu4_wheel_burn_spc-~5539d756
image,~wagon_donkey_spc-rgb&wagon_d~fb84ed30
image,~wall_clock_spc-rgb&wall_cloc~b44fd8cd
image,~water_tower2_spc-r34g34b34&w~c20db261
image,~water_tower_spc-r34g34b34&wa~7e65d1c9
image,~watermelon_spc-rgb&watermelo~fd5a929b
image,~wheelbarrow_s-rgb&wheelbarrow_cp-l-11
image,~white_dirty-rgbl-11
image,~winebottles_spec-rgb&winebot~484cb08b
image,~xpec_hub_caps_spc-rgb&xpec_h~c01c4817
image,~xpec_lawn_mower_spc-rgb&xpec~bcfaaff4
image,~xpec_metal_briefcase_spc-rgb~78c049ea
image,~xpec_rowboat_and_paddles_spc~13fc7792
loaded_sound,doors/door_wd_kick02.wav
loaded_sound,explosions/exp_car_close01.wav
loaded_sound,explosions/exp_car_close02.wav
loaded_sound,explosions/exp_car_close03.wav
loaded_sound,explosions/exp_metal_armor_debris01.wav
loaded_sound,explosions/fire_vehicle_flame_up_medbig1.wav
loaded_sound,explosions/fire_vehicle_flame_up_medbig2.wav
loaded_sound,explosions/fire_vehicle_flame_up_medbig3.wav
loaded_sound,explosions/mrk_rockexplosion_layer1.wav
loaded_sound,explosions/mrk_rockexplosion_layer5.wav
loaded_sound,fire/fire_med_loop02_res.wav
loaded_sound,fire/fire_vehicle_small_loop1_res.wav
loaded_sound,misc/mrk_breathing_better10.wav
loaded_sound,misc/mrk_breathing_better11.wav
loaded_sound,misc/mrk_breathing_better12.wav
loaded_sound,misc/mrk_breathing_hurt10.wav
loaded_sound,misc/mrk_breathing_hurt11.wav
loaded_sound,misc/mrk_breathing_hurt12.wav
loaded_sound,misc/mrk_breathing_hurt13.wav
loaded_sound,misc/mrk_breathing_hurt14.wav
loaded_sound,misc/mrk_breathing_hurt15.wav
loaded_sound,misc/mrk_breathing_hurt16.wav
loaded_sound,user_interface/ui_computer_text_blip1x.wav
loaded_sound,user_interface/ui_computer_text_delete1.wav
loaded_sound,vehicles/truck_idle.wav
loaded_sound,vehicles/truck_move.wav
loaded_sound,vehicles/veh_hind_idle_v3res.wav
loaded_sound,vehicles/veh_hind_move_v3res.wav
loaded_sound,vehicles/veh_mi17_idle_v1res.wav
loaded_sound,vehicles/veh_mi17_move_v1res.wav
loaded_sound,vehicles/veh_pickup_idle_v2loop.wav
loaded_sound,vehicles/veh_pickup_move_v3loop.wav
loaded_sound,vehicles/veh_t72_move_v2loop.wav
loaded_sound,weapons/cal30/weap_30cal_cooldown_1.wav
loaded_sound,weapons/cal30/weap_30cal_loop_1.wav
com_map,maps/mp/mp_project6.d3dbsp
game_map_mp,maps/mp/mp_project6.d3dbsp
map_ents,maps/mp/mp_project6.d3dbsp
gfx_map,maps/mp/mp_project6.d3dbsp
fx,props/watermelon
fx,props/watermelon_splat
impactfx,mp_project6
