physpreset,fire_extinguisher
physpreset,teddy_bear
physpreset,tire
physpreset,wood_crate
xmodel,body_complete_sp_russian_farmer
xmodel,body_mp_arab_regular_assault
xmodel,body_mp_arab_regular_cqb
xmodel,body_mp_arab_regular_engineer
xmodel,body_mp_arab_regular_sniper
xmodel,body_mp_arab_regular_support
xmodel,body_mp_usmc_assault
xmodel,body_mp_usmc_recon
xmodel,body_mp_usmc_sniper
xmodel,body_mp_usmc_specops
xmodel,body_mp_usmc_support
xmodel,ch_dead_cow
xmodel,ch_haycart
xmodel,ch_haycart_destroyed
xmodel,ch_hayroll_02
xmodel,ch_hayroll_03
xmodel,ch_piano_light
xmodel,ch_russian_table_cloth3
xmodel,ch_russian_table_no_top
xmodel,com_armoire
xmodel,com_bench
xmodel,com_bookshelves1_d
xmodel,com_bookshelvestall
xmodel,com_bookshelveswide
xmodel,com_crate01
xmodel,com_dining_cabinet
xmodel,com_dresser
xmodel,com_dresser_d
xmodel,com_furniture_sidetable1
xmodel,com_grandfatherclocktall
xmodel,com_hookah_pipe
xmodel,com_ladder_wood
xmodel,com_longdiningtable
xmodel,com_longdiningtable_d
xmodel,com_ovaldiningtable
xmodel,com_plainchair
xmodel,com_playpen
xmodel,com_powerpole1
xmodel,com_powerpole3
xmodel,com_smallcoffeetable
xmodel,com_tableclock1
xmodel,com_teddy_bear
xmodel,com_tractor
xmodel,com_walltable1
xmodel,com_walltable1_d
xmodel,com_walltable2
xmodel,com_walltable2_d
xmodel,com_wheelbarrow
xmodel,foliage_bush_big
xmodel,foliage_dead_pine_lg
xmodel,foliage_dead_pine_sm
xmodel,foliage_grass_flowerplants_squareclump
xmodel,foliage_grass_squareclump
xmodel,foliage_ivy_bottom01
xmodel,foliage_ivy_corner01
xmodel,foliage_ivy_corner02
xmodel,foliage_ivy_tree
xmodel,foliage_litedrygrass_multiclump
xmodel,foliage_red_pine_log_lg
xmodel,foliage_red_pine_log_med
xmodel,foliage_red_pine_med
xmodel,foliage_red_pine_sm
xmodel,foliage_red_pine_stump_lg
xmodel,foliage_red_pine_stump_sm
xmodel,foliage_red_pine_stump_xl
xmodel,foliage_red_pine_xl
xmodel,foliage_red_pine_xxl
xmodel,foliage_riverreeds_group
xmodel,foliage_shrub_graytall
xmodel,foliage_shrub_group01
xmodel,foliage_tree_grey_oak_lg_a
xmodel,foliage_tree_grey_oak_med_a
xmodel,foliage_tree_grey_oak_sm_a
xmodel,foliage_tree_grey_oak_xl_a
xmodel,foliage_tree_river_birch_lg_a
xmodel,foliage_tree_river_birch_lg_b
xmodel,foliage_tree_river_birch_xl_a
xmodel,head_mp_arab_regular_asad
xmodel,head_mp_arab_regular_headwrap
xmodel,head_mp_arab_regular_sadiq
xmodel,head_mp_arab_regular_ski_mask
xmodel,head_mp_arab_regular_suren
xmodel,head_mp_usmc_nomex
xmodel,head_mp_usmc_shaved_head
xmodel,head_mp_usmc_tactical_baseball_cap
xmodel,head_mp_usmc_tactical_mich
xmodel,head_mp_usmc_tactical_mich_stripes_nomex
xmodel,jeepride_shrubgroup_01
xmodel,jeepride_shrubgroup_02
xmodel,jeepride_sprawl_grass_01
xmodel,jeepride_treefacade_lg_grp_01
xmodel,mil_hedgehog
xmodel,mil_sandbag_desert_curved
xmodel,vehicle_bm21_mobile_bed_static
xmodel,vehicle_small_hatch_blue_destructible_mp
xmodel,vehicle_small_wagon_green
xmodel,vehicle_small_wagon_green_destructible
xmodel,vehicle_small_wagon_green_wheel_lf
xmodel,vehicle_small_wagon_white
xmodel,vehicle_tractor
xmodel,vehicle_tractor_2
xmodel,vehicle_zpu4_burn_static
xmodel,viewhands_desert_opfor
material,mc/com_glass_shattered_inside
material,mc/jeepride_shrubgroup_mtl_02
material,mc/mtl_accessories_alpha_mp
material,mc/mtl_accessories_mp
material,mc/mtl_arab_regular_asad_sp
material,mc/mtl_arab_regular_backpack
material,mc/mtl_arab_regular_helmet_hands_sp
material,mc/mtl_arab_regular_lod_sp
material,mc/mtl_arab_regular_mowrap_sp
material,mc/mtl_arab_regular_sadiq_sp
material,mc/mtl_arab_regular_ski_mask_sp
material,mc/mtl_armoire
material,mc/mtl_barbed_wire_a
material,mc/mtl_bench_posts
material,mc/mtl_bm_21_glass
material,mc/mtl_bm_21_truck_base
material,mc/mtl_bm_21_truck_bed
material,mc/mtl_bm_21_truck_tires
material,mc/mtl_bodies_arab_regular
material,mc/mtl_brush_toujanebigbushy
material,mc/mtl_chechnya_log
material,mc/mtl_chechnya_trunk
material,mc/mtl_crate
material,mc/mtl_dead_pine
material,mc/mtl_dead_pine_canopy
material,mc/mtl_deadcow
material,mc/mtl_desert_op_force_arms
material,mc/mtl_desert_op_force_gloves
material,mc/mtl_desert_op_force_sleeves
material,mc/mtl_desertshrubs
material,mc/mtl_duhoc_furniture
material,mc/mtl_engine
material,mc/mtl_eye_highlight
material,mc/mtl_farmer_cloth
material,mc/mtl_farmer_hands
material,mc/mtl_farmer_head
material,mc/mtl_furniture_piano01
material,mc/mtl_furniture_piano01_d
material,mc/mtl_furniturewooddull
material,mc/mtl_grandfatherclocktall
material,mc/mtl_grassflowerplants
material,mc/mtl_grey_oak
material,mc/mtl_grey_oak_canopy
material,mc/mtl_haybale2
material,mc/mtl_haycart
material,mc/mtl_haycart_destroyed
material,mc/mtl_head_suren
material,mc/mtl_hookah_pipe
material,mc/mtl_ivy
material,mc/mtl_ivy_tree
material,mc/mtl_ladder_wood
material,mc/mtl_lightdrygrass
material,mc/mtl_newgrassgreen
material,mc/mtl_pine
material,mc/mtl_pine_canopy
material,mc/mtl_pine_lod
material,mc/mtl_playpen
material,mc/mtl_prop_bear
material,mc/mtl_red_pine
material,mc/mtl_red_pine_canopy
material,mc/mtl_river_birch
material,mc/mtl_river_birch_canopy
material,mc/mtl_riverreeds
material,mc/mtl_riverreeds_cattails
material,mc/mtl_russian_table
material,mc/mtl_russian_table_cloth3
material,mc/mtl_sandbags
material,mc/mtl_small_hatchback_wagon_blue
material,mc/mtl_small_hatchback_wagon_d_white
material,mc/mtl_small_hatchback_wagon_green
material,mc/mtl_small_hatchback_wagon_rubber
material,mc/mtl_small_hatchback_wagon_white
material,mc/mtl_small_hatchback_wagon_windows
material,mc/mtl_small_hatchback_wagon_windows_d
material,mc/mtl_stalingradpowerpole
material,mc/mtl_tractor
material,mc/mtl_tree_shadow_caster
material,mc/mtl_usmc_body_mp
material,mc/mtl_usmc_lod_mp
material,mc/mtl_usmc_shaved_head
material,mc/mtl_usmc_tactical_baseball_cap
material,mc/mtl_usmc_tactical_cap
material,mc/mtl_usmc_tactical_mich
material,mc/mtl_usmc_tactical_mich_stripes_nomex
material,mc/mtl_vehicle_tractor
material,mc/mtl_vehicle_tractor_glass
material,mc/mtl_vehicle_tractor_tire
material,mc/mtl_vehicle_zpu4_burn
material,mc/mtl_vehicle_zpu4_wheel_burn
material,mc/mtl_wheelbarrow
material,wc/aftermath_water
material,wc/ch_brick_wall_04
material,wc/ch_church_brick
material,wc/ch_concrete_01
material,wc/ch_concrete_04
material,wc/ch_concrete_base_01
material,wc/ch_concretewall02
material,wc/ch_concretewall04
material,wc/ch_dec_ivy01
material,wc/ch_door_18
material,wc/ch_grass_02
material,wc/ch_grass_02_decal
material,wc/ch_ground_dirt03
material,wc/ch_ground_dirt3_decal
material,wc/ch_ground_gravel02_decal
material,wc/ch_metal_diamondplating
material,wc/ch_roof_tiles_3
material,wc/ch_stonewall_02
material,wc/ch_wall_cover_pink01
material,wc/ch_wallpaper01
material,wc/ch_wood01
material,wc/ch_woodpaint_white01
material,wc/ch_woodplank02
material,wc/ch_woodwall01
material,wc/kh_mud03_decal
material,wc/kitchen_wallpaper
material,wc/me_brick_01
material,wc/me_brick_02
material,wc/me_cubewall
material,wc/me_decal_adobe_bottom_01
material,wc/me_decal_adobe_top_01
material,wc/me_decal_darkstain_01
material,wc/me_decal_darkstain_02
material,wc/me_decal_darkstain_03
material,wc/me_ground_drygrass
material,wc/me_ground_drygrass_dec
material,wc/me_pinewood
material,wc/me_trash01
material,wc/me_wallpaper1
material,wc/me_wallpaper2
material,wc/me_wallpaper3
material,wc/me_wallpaper_5
material,wc/me_wallpaper_7
material,wc/me_woodplanks01
material,wc/mtl_furniture_lunch_table
material,wc/sky_killhouse
material,wc/treeline01
techset,mc_ambient_t0c0
techset,mc_l_hsm_r0c0d0n0
techset,mc_l_hsm_t0c0n0
techset,mc_l_hsm_t0c0n0s0
techset,mc_l_sm_r0c0d0n0
techset,mc_l_sm_t0c0n0
techset,mc_l_sm_t0c0n0s0
techset,mc_l_t0c0
techset,mc_l_t0c0n0
techset,mc_l_t0c0n0s0
techset,mc_l_t0c0s0
techset,mc_shadowcaster
techset,sm2/mc_ambient_t0c0
techset,sm2/mc_l_hsm_r0c0d0n0
techset,sm2/mc_l_hsm_t0c0n0
techset,sm2/mc_l_hsm_t0c0n0s0
techset,sm2/mc_l_sm_r0c0d0n0
techset,sm2/mc_l_sm_t0c0n0
techset,sm2/mc_l_sm_t0c0n0s0
techset,sm2/mc_l_t0c0
techset,sm2/mc_l_t0c0n0
techset,sm2/mc_l_t0c0n0s0
techset,sm2/mc_l_t0c0s0
techset,sm2/mc_shadowcaster
techset,sm2/wc_ambient_t0c0
techset,sm2/wc_l_hsm_r0c0
techset,sm2/wc_l_hsm_r0c0n0
techset,sm2/wc_l_hsm_r0c0n0s0
techset,sm2/wc_l_hsm_r0c0s0
techset,sm2/wc_l_hsm_t0c0
techset,sm2/wc_l_hsm_t0c0n0
techset,sm2/wc_l_hsm_t0c0n0s0
techset,sm2/wc_l_hsm_t0c0s0
techset,sm2/wc_l_sm_r0c0
techset,sm2/wc_l_sm_r0c0n0
techset,sm2/wc_l_sm_r0c0n0s0
techset,sm2/wc_l_sm_r0c0s0
techset,sm2/wc_l_sm_t0c0
techset,sm2/wc_l_sm_t0c0n0
techset,sm2/wc_l_sm_t0c0n0s0
techset,sm2/wc_l_sm_t0c0s0
techset,sm2/wc_sky
techset,sm2/wc_unlit_multiply
techset,sm2/wc_water
techset,wc_ambient_t0c0
techset,wc_l_hsm_r0c0
techset,wc_l_hsm_r0c0n0
techset,wc_l_hsm_r0c0n0s0
techset,wc_l_hsm_r0c0s0
techset,wc_l_hsm_t0c0
techset,wc_l_hsm_t0c0n0
techset,wc_l_hsm_t0c0n0s0
techset,wc_l_hsm_t0c0s0
techset,wc_l_sm_r0c0
techset,wc_l_sm_r0c0n0
techset,wc_l_sm_r0c0n0s0
techset,wc_l_sm_r0c0s0
techset,wc_l_sm_t0c0
techset,wc_l_sm_t0c0n0
techset,wc_l_sm_t0c0n0s0
techset,wc_l_sm_t0c0s0
techset,wc_sky
techset,wc_unlit_multiply
techset,wc_water
image,$outdoor
image,accessories_alpha_mp_col
image,accessories_alpha_mp_nml
image,accessories_mp_col
image,accessories_mp_nml
image,arab_regular_asad_sp_col
image,arab_regular_asad_sp_nml
image,arab_regular_helmet_hands_sp_col
image,arab_regular_helmet_hands_sp_nml
image,arab_regular_lod_sp_col
image,arab_regular_lod_sp_nml
image,arab_regular_mowrap_sp_col
image,arab_regular_mowrap_sp_nml
image,arab_regular_sadiq_sp_col
image,arab_regular_sadiq_sp_nml
image,arab_regular_ski_mask_sp_col
image,arab_regular_ski_mask_sp_nml
image,arab_regular_suren_sp_col
image,arab_regular_suren_sp_nml
image,armoire
image,armoire_n
image,b21_bed_cover_col
image,b21_bed_cover_nrm
image,backpack_arab_regular_col
image,backpack_arab_regular_nml
image,barbed_wire_a
image,barbed_wire_a_nrml
image,bear_c
image,bear_n
image,bm21_body_col
image,bm21_body_nrm
image,bm21_glass_col
image,bm21_glass_nrm
image,bodies_arab_regular_col
image,bodies_arab_regular_nml
image,canopy2_col
image,canopy2_nml
image,car_engine_col
image,car_engine_nml
image,case64blue
image,ch_brickwall04_col
image,ch_brickwall04_nml
image,ch_church_wall_col
image,ch_church_wall_nml
image,ch_concrete01_col
image,ch_concrete04_col
image,ch_concrete04_n
image,ch_concrete_side_col
image,ch_concrete_side_nml
image,ch_concretewall02_col
image,ch_concretewall02_nml
image,ch_concretewall04_col
image,ch_concretewall04_nml
image,ch_dec_ivy01_col#1
image,ch_dec_ivy01_nml
image,ch_dec_wood01_col
image,ch_dec_wood01_nml
image,ch_door_18_col
image,ch_door_18_nml
image,ch_furniture_lunch_table_col
image,ch_furniture_lunch_table_nml
image,ch_grass_02_col
image,ch_grass_02_nml
image,ch_ground_gravel02_col
image,ch_ground_gravel02_nml
image,ch_ground_mud03_col
image,ch_ground_mud03_nml
image,ch_hayroll02_col
image,ch_hayroll02_nml
image,ch_metal_diamondplating_col
image,ch_metal_diamondplating_nml
image,ch_rooftiles_3_col
image,ch_rooftiles_3_nml
image,ch_sandbag_normals
image,ch_sandbags_coler
image,ch_stonewall02_col
image,ch_stonewall02_nml
image,ch_wall_cover_pink01_col
image,ch_wallpaper01
image,ch_wallpaper01_nml
image,ch_wood01_col
image,ch_wood01_nml
image,ch_woodpaint_white_col
image,ch_woodpaint_white_nml
image,ch_woodwall01_col
image,ch_woodwall01_nml
image,crate
image,crate_n
image,dead_pine_col
image,dead_pine_nml
image,desertshrubs#0
image,duhoc_furniture_c
image,duhoc_furniture_n
image,eye_highlight_col
image,farmer_head_clr
image,farmer_head_nml
image,flesh$cowskin_b_col
image,flesh$cowskin_b_nml
image,furniture_piano01_c
image,furniture_piano01_d
image,furniture_piano01_d_n
image,furniture_piano01_n
image,furniture_wood_dull
image,furniture_wood_dull_normal
image,grandfatherclocktall
image,grandfatherclocktall_n
image,grassflowerplants_col#0
image,haycart
image,haycart_destroyed
image,haycart_destroyed_nm
image,haycart_nm
image,hookah_pipe_col
image,hookah_pipe_nml
image,ivy_col#1
image,ivy_nml
image,jeepride_shrubgroup_02
image,kh_ground_mud03_col
image,kh_ground_mud03_nml
image,kitchen_wallpaper_col
image,kitchen_wallpaper_nml
image,light_dry_grass_col#0
image,me_adobe_bottom
image,me_adobe_bottom_normal
image,me_adobe_top
image,me_brick_col.02
image,me_brick_nml.02
image,me_cube_wall
image,me_cube_wall_bump
image,me_decal_darkstain_01
image,me_decal_darkstain_04
image,me_decal_darkstain_05
image,me_grass_dry_col
image,me_grass_dry_nml
image,me_pinewood_col
image,me_pinewood_norm
image,me_wallpaper1_col
image,me_wallpaper2_col
image,me_wallpaper3_col
image,me_wallpaper_4_nml
image,me_wallpaper_5_col
image,me_wallpaper_7_col
image,me_wood_01_col
image,me_wood_01_nml
image,metal_01
image,mtl_bench_posts
image,mtl_bench_posts_nml
image,newgrass_col#0
image,pine_lod_#0
image,play_pen_col
image,play_pen_nml
image,power_pole_col
image,power_pole_normal
image,red_pine_col
image,red_pine_nml
image,riverreeds_cattails_col#0
image,russian_farmer_clr
image,russian_farmer_nml
image,russian_table_cloth3_col
image,russian_table_cloth_nml
image,russian_table_col
image,russian_table_nml
image,small_hatchback_wagon_blue_col
image,small_hatchback_wagon_d_nrml
image,small_hatchback_wagon_d_white_col
image,small_hatchback_wagon_green_col
image,small_hatchback_wagon_nrml
image,small_hatchback_wagon_white_col
image,small_hatchback_wagon_windows_col
image,small_hatchback_wagon_windows_d_col
image,sp_killhouse_ft
image,tractor_c
image,tractor_col
image,tractor_glass_col
image,tractor_glass_nml
image,tractor_n
image,tractor_nml
image,trash01_col
image,trash01_nml
image,tree_chechnya_log_col
image,tree_chechnya_log_nml
image,tree_chechnya_trunk_col
image,tree_chechnya_trunk_nml
image,tree_desertbushy_col
image,tree_grey_oak_col
image,tree_grey_oak_nml
image,tree_pine_col
image,tree_pine_nml
image,tree_river_birch_col
image,tree_river_birch_nml
image,tree_shadowcaster
image,treeline02
image,usmc_body_mp_col
image,usmc_body_mp_nml
image,usmc_lod_mp_col
image,usmc_lod_mp_nml
image,usmc_shaved_head_col
image,usmc_shaved_head_nml
image,usmc_tactical_baseball_cap_col
image,usmc_tactical_baseball_cap_nml
image,usmc_tactical_cap_col
image,usmc_tactical_cap_nml
image,usmc_tactical_mich_col
image,usmc_tactical_mich_nml
image,usmc_tactical_mich_stripes_nomex_col
image,usmc_tactical_mich_stripes_nomex_nml
image,vehicle_zpu4_burn_col
image,vehicle_zpu4_burn_nml
image,vehicle_zpu4_wheel_burn_col
image,vehicle_zpu4_wheel_burn_nml
image,viewhands_desert_opfor_clr
image,viewhands_desert_opfor_nml
image,wheelbarrow_c
image,wheelbarrow_n
image,~accessories_alpha_mp_spc-rgb~3a37b3d9
image,~accessories_mp_spc-rgb&acces~1f976477
image,~arab_regular_asad_sp_spc-rgb~1dcbf64f
image,~arab_regular_helmet_hands_sp~9476642e
image,~arab_regular_lod_sp_spc-rgb&~6eec55b0
image,~arab_regular_mowrap_sp_spc-r~e3bdc5d1
image,~arab_regular_ski_mask_sp_spc~76d7a6bb
image,~arab_regular_suren_sp_spc-rg~1d9bc063
image,~armoire_s-rgb&armoire_cp-l-11
image,~b21_bed_cover_spc-rgb&b21_be~7593e99a
image,~backpack_arab_regular_spc-rg~e3cb6c6b
image,~barbed_wire_a_spec-rgbl-11
image,~bear_s-rgbl-11
image,~bm21_body_spc-rgb&bm21_body_cos-l-11
image,~bm21_glass_spc-rgb&bm21_glas~a3ec2052
image,~bodies_arab_regular_spc-rgb&~3e6beec8
image,~ch_brickwall04_spc-rgb&ch_br~8994aa02
image,~ch_brickwall09_spc-rgb&ch_br~4946c591
image,~ch_concrete04_s-rgb&ch_concr~677c2004
image,~ch_concrete_side_spc-rgbl-11
image,~ch_concretewall02_spc-r73g73b73l-11
image,~ch_concretewall04_spc-r-25g-~773bbd54
image,~ch_dec_ivy01_spc-rgb&ch_dec_~1a0adc2c
image,~ch_dec_wood01_spc-rgb&ch_dec~aa4e5c65
image,~ch_door_18_spc-r34g34b34&ch_~a6bda9b7
image,~ch_furniture_lunch_table_spc~9f0de661
image,~ch_grass_02_spc-r-25g-25b-25~23532c3a
image,~ch_grass_02_spc-rgb&ch_grass~3fc77e0f
image,~ch_ground_gravel02_spc-rgb&c~dd59f1ea
image,~ch_ground_mud03_spc-rgb&ch_g~10285816
image,~ch_hayroll02_spc-rgb&ch_hayr~9d06e050
image,~ch_metal_diamondplating_spc-~14cba073
image,~ch_rooftiles_3_spc-rgb&ch_ro~1f2debd3
image,~ch_stonewall02_spc-r-25g-25b~6ab0b8d4
image,~ch_wall_cover_pink01_spc-rgbl-11
image,~ch_wallpaper01_spc-rgbl-79
image,~ch_wood01_spc-rgb&ch_wood01_cos-l-11
image,~ch_woodpaint_white_spc-rgb&c~5fbfb4e9
image,~ch_woodwall01_spc-r29g29b29&~9eeac44b
image,~crate_s-rgb&crate_cp-l-11
image,~dead_pine_spc-r-71g-71b-71&d~34842d41
image,~duhoc_furniture_s-rgb&duhoc_~be8ee293
image,~eye_highlight_spc-rgb&eye_hi~92c2d33b
image,~farmer_head_spc-rgb&farmer_h~0b7404aa
image,~flesh$cowskin_b_spc-rgb&$white-l-11
image,~furniture_piano01_d_s-rgb&fu~0be34944
image,~furniture_piano01_s-rgb&furn~1d1aa102
image,~furniture_wood_dull_spec-rgb~f925ebb6
image,~grandfatherclocktall_s-rgb&g~1af42519
image,~haycart_destroyed_specular-rgbl-11
image,~haycart_specular-rgbl-11
image,~hookah_pipe_spc-rgb&hookah_p~290400da
image,~ivy_spc-rgb&ivy_cos-l-11
image,~kh_ground_mud03_spc-rgbl-11
image,~kitchen_wallpaper_spc-rgb&ki~d99ff9da
image,~me_brick_spc
image,~me_grass_dry_spc-r-17g-17b-17l08
image,~me_pinewood_spc-rgbl-11
image,~me_wallpaper1_spec-rgbl-11
image,~me_wallpaper2_spec-rgbl-20
image,~me_wallpaper2_spec-rgbl-79
image,~me_wallpaper_4_spc-rgb&me_wa~cc3d5f12
image,~me_wood_01_spc-r-25g-25b-25&~f8fb071a
image,~mtl_bench_posts_spec-rgbl-11
image,~play_pen_spc-rgb&play_pen_cos-l-11
image,~power_pole_spec-rgbl-11
image,~russian_farmer_spc-rgb&russi~48d649fe
image,~russian_farmer_spc-rgb&russi~ec866faf
image,~russian_table_cloth_spc-rgb&~1a08bcf9
image,~russian_table_spc-rgb&russia~2ec501dc
image,~small_hatchback_wagon_d_spec~7e6ea94c
image,~small_hatchback_wagon_spec-r~fc4e9322
image,~small_hatchback_wagon_window~4abe3a1b
image,~small_hatchback_wagon_window~50c6dfab
image,~tractor_glass_spc-r-17g-17b-~f8c179ff
image,~tractor_s-rgb&tractor_cp-l-11
image,~tractor_spc-r30g30b30&tracto~b29f56f1
image,~trash01_spc-rgb&trash01_cos-l-11
image,~usmc_body_mp_spc-rgb&usmc_bo~047366d7
image,~usmc_lod_mp_spc-rgb&usmc_lod~1fa2b4a7
image,~usmc_shaved_head_spc-rgb&usm~1982b424
image,~usmc_tactical_baseball_cap_s~9661400c
image,~usmc_tactical_cap_spc-rgb&us~21ab2957
image,~usmc_tactical_mich_spc-rgb&u~659bbbc2
image,~usmc_tactical_mich_stripes_n~2c333a2f
image,~vehicle_zpu4_burn_spc-r-59g-~d551c63c
image,~vehicle_zpu4_wheel_burn_spc-~5539d756
image,~viewhands_desert_opfor_spc-r~3c3356ad
image,~viewhands_desert_opfor_spc-r~83bf7825
image,~wheelbarrow_s-rgb&wheelbarrow_cp-l-11
loaded_sound,doors/door_wd_kick02.wav
loaded_sound,explosions/exp_car_close01.wav
loaded_sound,explosions/exp_car_close02.wav
loaded_sound,explosions/exp_car_close03.wav
loaded_sound,explosions/exp_metal_armor_debris01.wav
loaded_sound,explosions/fire_vehicle_flame_up_medbig1.wav
loaded_sound,explosions/fire_vehicle_flame_up_medbig2.wav
loaded_sound,explosions/fire_vehicle_flame_up_medbig3.wav
loaded_sound,explosions/mrk_rockexplosion_layer1.wav
loaded_sound,explosions/mrk_rockexplosion_layer5.wav
loaded_sound,fire/fire_med_loop02_res.wav
loaded_sound,fire/fire_vehicle_small_loop1_res.wav
loaded_sound,misc/mrk_breathing_better10.wav
loaded_sound,misc/mrk_breathing_better11.wav
loaded_sound,misc/mrk_breathing_better12.wav
loaded_sound,misc/mrk_breathing_hurt10.wav
loaded_sound,misc/mrk_breathing_hurt11.wav
loaded_sound,misc/mrk_breathing_hurt12.wav
loaded_sound,misc/mrk_breathing_hurt13.wav
loaded_sound,misc/mrk_breathing_hurt14.wav
loaded_sound,misc/mrk_breathing_hurt15.wav
loaded_sound,misc/mrk_breathing_hurt16.wav
loaded_sound,user_interface/ui_computer_text_blip1x.wav
loaded_sound,user_interface/ui_computer_text_delete1.wav
loaded_sound,vehicles/truck_idle.wav
loaded_sound,vehicles/truck_move.wav
loaded_sound,vehicles/veh_hind_idle_v3res.wav
loaded_sound,vehicles/veh_hind_move_v3res.wav
loaded_sound,vehicles/veh_mi17_idle_v1res.wav
loaded_sound,vehicles/veh_mi17_move_v1res.wav
loaded_sound,vehicles/veh_pickup_idle_v2loop.wav
loaded_sound,vehicles/veh_pickup_move_v3loop.wav
loaded_sound,vehicles/veh_t72_move_v2loop.wav
loaded_sound,weapons/cal30/weap_30cal_cooldown_1.wav
loaded_sound,weapons/cal30/weap_30cal_loop_1.wav
com_map,maps/mp/mp_ranc.d3dbsp
game_map_mp,maps/mp/mp_ranc.d3dbsp
map_ents,maps/mp/mp_ranc.d3dbsp
gfx_map,maps/mp/mp_ranc.d3dbsp
impactfx,mp_ranc
