fx,sprays/spray0
fx,sprays/spray1
fx,sprays/spray2
fx,sprays/spray3
fx,sprays/spray4
fx,sprays/spray5
fx,sprays/spray6
fx,sprays/spray7
fx,sprays/spray8
fx,sprays/spray9
fx,sprays/spray10
fx,sprays/spray11
fx,sprays/spray12
fx,sprays/spray13
fx,sprays/spray14
fx,sprays/spray15
fx,sprays/spray16
fx,sprays/spray17
fx,sprays/spray18
fx,sprays/spray19
fx,sprays/spray20

material,spray0_menu
material,spray1_menu
material,spray2_menu
material,spray3_menu
material,spray4_menu
material,spray5_menu
material,spray6_menu
material,spray7_menu
material,spray8_menu
material,spray9_menu
material,spray10_menu
material,spray11_menu
material,spray12_menu
material,spray13_menu
material,spray14_menu
material,spray15_menu
material,spray16_menu
material,spray17_menu
material,spray18_menu
material,spray19_menu
material,spray20_menu